URL,Label
https://drive.google.com/file/d/1pU2RIvs_tdCLnKDPrcbL19lR7Gdiy-g6/edit,a
https://drive.google.com/file/d/1rE0gSyaFiij0j06axZSnEVNEoNJckqcY/edit,a
https://drive.google.com/file/d/1Da8VdsbUthFBN08UPdwjmIGwdplTUz6w/edit,a
https://drive.google.com/file/d/1M2rZrRxGQ1W5Gr4oLu5QK6BD2GtN4OX9/edit,a
https://drive.google.com/file/d/1j-3yreqpQH31sF7-djwwtUfed-5XZscm/edit,a
https://drive.google.com/file/d/1lvrFQIn8LDPa2TvFAlI-qwfRjDIX2GRB/edit,a
https://drive.google.com/file/d/19t6AQkyNVdF1g17iLMq5GQ_6XRyMWPRP/edit,a
https://drive.google.com/file/d/12Mgr7hJE7a9mgUr5kbjBIKsOza9jyAIh/edit,a
https://drive.google.com/file/d/1suInfPtQqF4PreeT4ey4tKgr0Xs3ihzP/edit,a
https://drive.google.com/file/d/1rgBc1S49x1ptZkvbrYltCn3dxephl_KW/edit,a
https://drive.google.com/file/d/1SRFsttLyeYSxnavbSYc0EY3nPPQay544/edit,a
https://drive.google.com/file/d/117kXeFp5C06Sqtk8jZJng1plWOxXuXOg/edit,a
https://drive.google.com/file/d/1tdwRIYvcIpgf9LPjdOGlit5lwyka7BuJ/edit,a
https://drive.google.com/file/d/1WdiT3VQcDer141I-YbFC9n6_vbiyOILw/edit,a
https://drive.google.com/file/d/1Y2HKStTjn6R3ea_WylD-wtu0b5XVcWMj/edit,a
https://drive.google.com/file/d/1z_eIeRmn6HX_P5OOkM2VrtsUI1AHAIdR/edit,a
https://drive.google.com/file/d/1psOxUd9rxMh9M-2SzkeGBg_lKLcMBg_k/edit,a
https://drive.google.com/file/d/1kucWIAjvD5iqJupxwtIgStYI9PI0A2RH/edit,a
https://drive.google.com/file/d/1SuBjIanIETgFN-7b0SHcwAwWs6S1jzaI/edit,a
https://drive.google.com/file/d/1VPAlzqiX0Oyi-yug6Bi4TJkjAh2M2Mpd/edit,a
https://drive.google.com/file/d/1PN4hv2S9GQLURyyp_xfKo_IhRBTS0ocm/edit,aa
https://drive.google.com/file/d/1r6xkIpQwkxsmHC8csucChu76BMFbAkO6/edit,aa
https://drive.google.com/file/d/1bUNzEtsmJFokTT1VXdhtsLQdQVJPcrSt/edit,aa
https://drive.google.com/file/d/1bmlxaJvC19nnI1OfhBiD7xReZ3hTIphJ/edit,aa
https://drive.google.com/file/d/1mY8b9tGP714pBaLvSNj55L5mrxjKyOBR/edit,aa
https://drive.google.com/file/d/1Ey7749BmgLgobJDKB-fm7rFDNB9AM94V/edit,aa
https://drive.google.com/file/d/1Cy7axTpQ8HzIgCZqEtbbFMCIve6A88He/edit,aa
https://drive.google.com/file/d/1SWqy26f4JttuWv75yTMH7b_vy4dDIY-5/edit,aa
https://drive.google.com/file/d/1qImomU1HWxUv9WIoDl4NTpSzUZXykJ9I/edit,aa
https://drive.google.com/file/d/1ITvm0A0oH8MP-MdbuAlI7ub-M4vxG578/edit,aa
https://drive.google.com/file/d/1l4QQmY9FIz82V_eTuFT2OkxV7Oft-HPO/edit,aa
https://drive.google.com/file/d/114A6Sts-M27-yacvI4vqORa5JeMVT-8F/edit,aa
https://drive.google.com/file/d/1ZMpfoDBhPYbDUv3xZmHjV-zVjnUPAq4e/edit,aa
https://drive.google.com/file/d/1vP4LJnAtuaW8p1Z2O8KsCnhM2DGtZ28f/edit,aa
https://drive.google.com/file/d/1XWzGgyxexTipP-alM4-spjoQer1T3Y5a/edit,aa
https://drive.google.com/file/d/14PJU7RGBqcAaYNdzaeGrvx3zmojcx7fH/edit,aa
https://drive.google.com/file/d/1v1oSl6JK8PZDaXm9LsdYAy_TB3ETcJfm/edit,aa
https://drive.google.com/file/d/141TZj03dtabgmPE-NlEyuibAOeMlulAi/edit,aa
https://drive.google.com/file/d/1D9bso-aqmraw7yTXfO5alyQyhdmGvRvR/edit,aa
https://drive.google.com/file/d/1BLpOjdN25cDt12F3ZABT7iuY-0Ro7EzE/edit,aa
https://drive.google.com/file/d/1puPu41L_GGOT6zzj92m_LcXXZeu_S_wh/edit,aaa
https://drive.google.com/file/d/1cg_64h7Rs0dMjx3XyxQkJJWLN2nQNJuQ/edit,aaa
https://drive.google.com/file/d/13lw_l9-jbzaVaqpIf0pGqhaDZpClfP35/edit,aaa
https://drive.google.com/file/d/1B47VXZ067oPD8mQYjIsRsBInD-j3tAY0/edit,aaa
https://drive.google.com/file/d/1o3roxcvFO1ZOdRfCf24INnDXITFlgn5u/edit,aaa
https://drive.google.com/file/d/1uxZqaGPuKe_4mHPCTe19pKb-HBsnLQ8y/edit,aaa
https://drive.google.com/file/d/1jZyp8KQ2ce-09XhsRvK_hg7772scbyFK/edit,aaa
https://drive.google.com/file/d/11I78Lp1mPYHvYMAIULiiQrTANAevDyl2/edit,aaa
https://drive.google.com/file/d/1ZKvXS2GyfKDanfr-RplbSFF_eBDjloGa/edit,aaa
https://drive.google.com/file/d/10ELafKdNRya6eJ_FtLMGCFgta2I1aWxG/edit,aaa
https://drive.google.com/file/d/1zlU1rPyF8hCadlXdL69wLi4mH082h77E/edit,aaa
https://drive.google.com/file/d/1Qefh_FbgBILXNDCHOiWGIZ26rRbjSKrv/edit,aaa
https://drive.google.com/file/d/1puO_DFfS7GeSzmPhDJhln2wmx0bwbr92/edit,aaa
https://drive.google.com/file/d/1BRwIPVxKgBNo5a2tepyRxCzya27A7n1q/edit,aaa
https://drive.google.com/file/d/1ZGax0Fzl1ZCZ2Fv7MK3XrtgutDYJ28fN/edit,aaa
https://drive.google.com/file/d/1-TD3yCD9EdajeADS3rKBdRvpY_waGYe3/edit,aaa
https://drive.google.com/file/d/1j3adjD0OSUVNHm0yO8lvG7cOQLl0lmba/edit,aaa
https://drive.google.com/file/d/1Scd4UU0alqApX-Px77sABG6ICJO8LpO2/edit,aaa
https://drive.google.com/file/d/17CXcSEWnAVfqLL0SKCCjXxoezb5s8hh-/edit,aaa
https://drive.google.com/file/d/1jo1zCCge8mjbIIiabiIwHMieKAvqDPU4/edit,aaa
https://drive.google.com/file/d/16mx2rx5vQM8eW8fUXzj9ZXuQWhx1Q-rd/edit,aba
https://drive.google.com/file/d/1bftI79ARuUXfunNSdfkudzLaN8zqIP_Q/edit,aba
https://drive.google.com/file/d/1BhKdP99jBZlTYYsm5r1Oglo6H2E5lHDP/edit,aba
https://drive.google.com/file/d/16d3J72ULjOkMJ6nMRfdHG0-OBkrb57PY/edit,aba
https://drive.google.com/file/d/1mbEXd_tiII640N-sY2ezL5_RioqM89U2/edit,aba
https://drive.google.com/file/d/1effZ6m0O1Xb8JcGONPrL7iIX7xRUy5Ay/edit,aba
https://drive.google.com/file/d/1U6Fl0ixYgmsImcA58wuymMr6bj75k3Eh/edit,aba
https://drive.google.com/file/d/18UwKkCvON8vlYf-zb1a3BBCa1SqnC4AT/edit,aba
https://drive.google.com/file/d/1G3RGigqLqAdMAFwPRnXJhS02GhaKAurR/edit,aba
https://drive.google.com/file/d/1_Y1PYuFnrWkN55YaWDS9U75_DqBDdTgL/edit,aba
https://drive.google.com/file/d/1ZZBWjjXfee5g50MOxmYfJkEQdyrHfemm/edit,ae
https://drive.google.com/file/d/1m-pYfLGNHg3xOo1NtSM28S3Q0srq2brh/edit,ae
https://drive.google.com/file/d/1rxFViqCzuAU6RVlqayzMRl0acY2wwGZ2/edit,ae
https://drive.google.com/file/d/1u_K_4yERdsRth44SPGhz7BciBYQu7Wfw/edit,ae
https://drive.google.com/file/d/1WsDO1h_VYkzLiZhP3CZ5q5sCCOLXrl8o/edit,ae
https://drive.google.com/file/d/1pF-fw-VyiqFFyz-7zs4xzFDqAaj9nZpT/edit,ae
https://drive.google.com/file/d/170WZCK_kN9F6No6TvDMZKV3Mb7ylgyeh/edit,ae
https://drive.google.com/file/d/1WJCz3xHP1RP39K26xtNtP41rxzGiUtM0/edit,ae
https://drive.google.com/file/d/1wqAnJQXIIk6dqYatZMUyFsGKrah7cJMx/edit,ae
https://drive.google.com/file/d/19BM1YIhAs-XtlQbBXL8oKCa_QkSc6V1c/edit,ae
https://drive.google.com/file/d/1_Gw8ArcQ-TzmaRsy9pX34nffJPbP-oNB/edit,ae
https://drive.google.com/file/d/1bAkvwcfl7QoZ7nslAWGmbuQwGFPQCh6d/edit,ae
https://drive.google.com/file/d/1UbDzviX0FMm4pZmZTzJGTB7xc8jghFOy/edit,ae
https://drive.google.com/file/d/1k0h5tMsmXAqZU0XT6j_hVZMAXB9mboYX/edit,ae
https://drive.google.com/file/d/1N5_D2pNhGxMQhIDhSJgfCRkTaQXveHi6/edit,ae
https://drive.google.com/file/d/1jtj3wCwthIArTstBG0W7RgrDsyRiATYk/edit,ae
https://drive.google.com/file/d/1GQ7wpoWRAuPWdS7YzpH_Pz2shttSubRT/edit,ae
https://drive.google.com/file/d/1UxEFnvUuhFzmln5eUCtBj4PwTnDE6jZI/edit,ae
https://drive.google.com/file/d/1MjSNnVECJAS3jvJRYQU4LdBnci4EgmiK/edit,ae
https://drive.google.com/file/d/1Akv4kDw_VXp-a6uPBeWTbfUFvy8F_DG6/edit,ae
https://drive.google.com/file/d/15pT0jKrDXNQ3QYpMzTv-fGcCMyx6Qc39/edit,akka
https://drive.google.com/file/d/1I7uGtfNg9Ry_qSKdOsHK04QWwgh-q-Qs/edit,akka
https://drive.google.com/file/d/1CIOLOdaCVRJrf_mqETzn6Z7gD5kifjd1/edit,akka
https://drive.google.com/file/d/1sb4E7eAzRUO9yOXgsEWmtc5iTO3-LaL0/edit,akka
https://drive.google.com/file/d/1iA385h0GvSDEm13uS43yqPHk0SNfirUz/edit,akka
https://drive.google.com/file/d/1bKwJRfXxonp68pw5I7Roi2a5mEGw9UIW/edit,akka
https://drive.google.com/file/d/15MRTKXWIZO6xBlufn9JOL9uPu2Sw9wny/edit,akka
https://drive.google.com/file/d/1svZ1tyC1v4MPCqFydhrTQrpnjoehiqj5/edit,akka
https://drive.google.com/file/d/1lkdiDkLR8cic-LCygPuQJis5UfOKkhuX/edit,akka
https://drive.google.com/file/d/1vPfk3g040ZsDYQTuGx8SyefmZkvg2Bv9/edit,akka
https://drive.google.com/file/d/13rX5t-BhlaxeiNR8elvIFtjPX32lKlMD/edit,amma
https://drive.google.com/file/d/1vYG3JOf3XcFqULCrA5aqLbu-M5ojU98T/edit,amma
https://drive.google.com/file/d/13haLvK5rnomjmDZrBS_84h3CNbKa9oZ-/edit,amma
https://drive.google.com/file/d/12ujDbZDJyL4IKJ1oeHNoU-oSa8CCQt6z/edit,amma
https://drive.google.com/file/d/1TZlL1fhi7FF8SwIxdr4Z_2Om8bbmWE4m/edit,amma
https://drive.google.com/file/d/1n-5kqXmsi100NQe8BuhhIZCQ8q_uYl7w/edit,amma
https://drive.google.com/file/d/1DVd6hZk4m5OquqKMN8tVzXQSQlCWLxJo/edit,amma
https://drive.google.com/file/d/1n8TfxXxYL4XBjqH1MswClNrI8bGSLPxe/edit,amma
https://drive.google.com/file/d/1RtGzfL8ytZTVZrQLkmX4F1_7dZdQ5aFX/edit,amma
https://drive.google.com/file/d/1imZbONuMP1hq4BVvPKz72uIGoV7XhBpU/edit,amma
https://drive.google.com/file/d/1JLPfyv3WfYZ3EsqbXlcIfYPZK6Aamtto/edit,apple
https://drive.google.com/file/d/1kUx3EhRo_LMmmyqUjyCskW691Z0wzPuj/edit,apple
https://drive.google.com/file/d/1fBJZpGpTgCEAQep2dKv3wV-fX2DustC1/edit,apple
https://drive.google.com/file/d/1PYLwd88Tsi8cxAZNMTY0F1ublIubIvgu/edit,apple
https://drive.google.com/file/d/1N0FNP07TTJZgC9HhUy0EwfNeyJVokxtY/edit,apple
https://drive.google.com/file/d/1GtDyIW1tAOYplfFEmx3apNKGA_JmCiZf/edit,apple
https://drive.google.com/file/d/15d3CZAphxJFnni8LffwBUkH1IfJdgZ8h/edit,apple
https://drive.google.com/file/d/1_A939oq06o4twTi0fOKqdaz9qDvOvzqo/edit,apple
https://drive.google.com/file/d/1FpeoGYTvySM2aFo4tYIcDmERahp76UDk/edit,apple
https://drive.google.com/file/d/13Cvt_w2i1t1jQS3PQ1_svng4s2AE50uR/edit,apple
https://drive.google.com/file/d/1duPTQAHn7b-v7Lkw7BefcU7oi86GFhFJ/edit,b
https://drive.google.com/file/d/1s3d-4gRWl7qobzm2KVjE9njCDhmFByXo/edit,b
https://drive.google.com/file/d/1WCOeyuSY349wrtOp8Z4u08t8QZ0BmimG/edit,b
https://drive.google.com/file/d/1PGZXAv-TYbJSc3la-7imfxdeu64OAVeX/edit,b
https://drive.google.com/file/d/1It_AVL0XOma-eAP0x5cS6inH8O1TWskP/edit,b
https://drive.google.com/file/d/1WHkkFti5E2cUarEuK3q7dTiO_WHx0aPt/edit,b
https://drive.google.com/file/d/1dXHT1orcu_jsEBIEpIpbzARHrZYagCCR/edit,b
https://drive.google.com/file/d/1cuBn2VesRH5ryCyLO4QridQmAlJh11ay/edit,b
https://drive.google.com/file/d/15Ar7B0zLQBT6U__YRi1BGLvknWNt0_dw/edit,b
https://drive.google.com/file/d/1hG-GqH6GOns5PSMU65tnNsZ7Zt9eojMl/edit,b
https://drive.google.com/file/d/1c4p1BzIkjt1ikzlNrdW4OBO1fSy_u_OV/edit,b
https://drive.google.com/file/d/1TMtiwL67-O1qXYhtOTa24GDaKd5KI6Am/edit,b
https://drive.google.com/file/d/1GBZjsZ_HhRMVXxkSVv8_HUiD_UyKdNAc/edit,b
https://drive.google.com/file/d/1FBJ96xjABKv4Bps1RAvH1t6jLQXFCY35/edit,b
https://drive.google.com/file/d/1xSxZvJAKDLpNAQ3qZuzBy4psdLrd2i5Z/edit,b
https://drive.google.com/file/d/1HC6JqtBnSGjKU7X-_4oyXBNEBj-Nu-er/edit,b
https://drive.google.com/file/d/107YGl25PzYf5-TFU1-8IOffQsdzfkeoo/edit,b
https://drive.google.com/file/d/1akY2F_DokCQgjPTeDT9jzGhYOgog_BxC/edit,b
https://drive.google.com/file/d/1SyTvCjU8x5R93oCXT3hwDlG8NMIv6Txq/edit,b
https://drive.google.com/file/d/1QdCQmus5gmvSTct0YfrlkpC0vkuAXNsF/edit,b
https://drive.google.com/file/d/1s9GKGq6BHjyD0AaxI8xXfYxGneyh9uaK/edit,bonawa
https://drive.google.com/file/d/1fsKzx3jDbT44bONrqDk0DjOafx29L1AF/edit,bonawa
https://drive.google.com/file/d/1jLF3zWIKwNnUUBZKmVWIax9yuxYeXbTH/edit,bonawa
https://drive.google.com/file/d/1oxGnDYED1FbiQp3ysHszTOFMs5W5gn6_/edit,bonawa
https://drive.google.com/file/d/1omXCWTh_f2vqAVHyIUPa1MK0v70c0gRC/edit,bonawa
https://drive.google.com/file/d/1eAiR9lB2myFGg5xxChOJ9ajPh9lXrLLx/edit,capital_J
https://drive.google.com/file/d/1g56ES4MXBgnzRpPDdO9_XZEs_XOwZexo/edit,capital_J
https://drive.google.com/file/d/1hEGcuqo1RZY1gh964rTbkUlaN6QUpy2j/edit,capital_J
https://drive.google.com/file/d/1F-EqhdgT0154tV0ZqEHUUQKBApuM0I_0/edit,capital_J
https://drive.google.com/file/d/1sd2Yi--APB7KMAEFHhFM9b_4mbEWCFoK/edit,capital_J
https://drive.google.com/file/d/1mAitUa7bm2tHpnnuycEGvuHX4RY7Vzra/edit,capital_J
https://drive.google.com/file/d/1s2fl08etR0tfzXvuRrBvr00SS2EILroO/edit,capital_J
https://drive.google.com/file/d/10rLOa8AYEbqVOFC8245KJjxZRy46wxhG/edit,capital_J
https://drive.google.com/file/d/1aK_i0hPo79g8qx_jvUtv8BZ3bxS6Y1IU/edit,capital_J
https://drive.google.com/file/d/1QpgWwNH926UEScx8M_tghZ3n41xCtM3R/edit,capital_J
https://drive.google.com/file/d/1dCP7jO9pztUp9o7cGBgNiFMKAKUcy50i/edit,capital_J
https://drive.google.com/file/d/1dvYUXviO_viygw5Kdet4k-Vzgj1RShZF/edit,capital_J
https://drive.google.com/file/d/1nB2Ji8G1wX-9W-IFk3FxU4NTs5NaqHnK/edit,capital_J
https://drive.google.com/file/d/1eDa0-G4NotExLVYhLPCyFL2zhMbqX2Mj/edit,capital_J
https://drive.google.com/file/d/1MrH7z92q6dKau0DR-IjJO9isIFF7Mg6k/edit,capital_J
https://drive.google.com/file/d/1pyTDOe1mvnK84y775_zpoXM7eKOchOLr/edit,capital_J
https://drive.google.com/file/d/14HVn56POaZcOb7NmDi-P16Kq7ZOpG9MW/edit,capital_J
https://drive.google.com/file/d/1ds0-H6wjWbQf_Nc0t9tgCbDeffNrKvNg/edit,capital_J
https://drive.google.com/file/d/15BPJIZUuHXv7WA4fASFUAYjGInetcc9h/edit,capital_J
https://drive.google.com/file/d/10Lmglw4WB1LE5wSBKqhAMUurq2ZEndo5/edit,capital_J
https://drive.google.com/file/d/1tsCUBBJ08gJVHNqYei8H69eARkgVhOwC/edit,capital_L
https://drive.google.com/file/d/15Grpht-5_qE0ekP2DbsW-mH-QRbykoOw/edit,capital_L
https://drive.google.com/file/d/1tzrxcznI9cLjZwzOq90pRR1Tb7o-qb_e/edit,capital_L
https://drive.google.com/file/d/1wjw0ZVC-7i9S3fLbXUbnuSsn4YtsJB8d/edit,capital_L
https://drive.google.com/file/d/1PG0V9YAyrn3TF4kodbdrL_oLH45x42_I/edit,capital_L
https://drive.google.com/file/d/1mVynSDsM9WBNiXCMjA9zn6Kdk-SwyhWu/edit,capital_L
https://drive.google.com/file/d/1WlwhWiIjPuHY5uHjYE_li4uTkVaB24Kc/edit,capital_L
https://drive.google.com/file/d/1QhdZfq_Ty2fGtqIpyuh4MZm9b-lP7WAM/edit,capital_L
https://drive.google.com/file/d/1fqGdSOMftqu44jp9v-JasqShb9ZnJHvF/edit,capital_L
https://drive.google.com/file/d/1m9yfHFiABJKL-tUo4oz_PoMvEQS-YyuL/edit,capital_L
https://drive.google.com/file/d/1JxjtlOr29JtbQ04vmh6sOGrNUSRmxwba/edit,capital_L
https://drive.google.com/file/d/1mQwruRUh627uMDifqE1YP2elsBelC_Ym/edit,capital_L
https://drive.google.com/file/d/15mXHkG0-Bi08My9mgwMuoeofhZtVDnU3/edit,capital_L
https://drive.google.com/file/d/1_DMjZ-ny5z1zy76PUvjUxBjd4YZfmEZj/edit,capital_L
https://drive.google.com/file/d/1oKPEG2hU_Y9n6r9kkKoJGZfUd0w_V6Mw/edit,capital_L
https://drive.google.com/file/d/1YThAUFks6Ps0HGyRZYy41kWXll8wRi9q/edit,capital_L
https://drive.google.com/file/d/1N6Krr-50iNMkZk7SzCjpAjsjiPYipwZJ/edit,capital_L
https://drive.google.com/file/d/1YyBDWXDfuJMJcnvGMz9qZxGB-OqEJWKn/edit,capital_L
https://drive.google.com/file/d/1w2nXSS-9NG57Otwm0W3Sg5-a-vOEqAVf/edit,capital_L
https://drive.google.com/file/d/16_P_iNcJMDXNKH9TKcS8eGJ_5PmC7KXl/edit,capital_L
https://drive.google.com/file/d/1Om3CsReDnKgFIM44lRa7lT-3LJYDKvqX/edit,capital_N
https://drive.google.com/file/d/11k-v3XEdXoKdGhrU0pssHaQxhsGHyROj/edit,capital_N
https://drive.google.com/file/d/1cLprOdXZaJBojhRYNUzGyiqsR-gslzjg/edit,capital_N
https://drive.google.com/file/d/1xTBwtJZivDtMdgs9tlwaXLys2PvDjv9G/edit,capital_N
https://drive.google.com/file/d/1nDAiybwcs1afUfjo714m32_5EMu6ULTg/edit,capital_N
https://drive.google.com/file/d/1m97Q-St-gYDOtbPfuwlIAVEkInVQGNhw/edit,capital_N
https://drive.google.com/file/d/1elpUpaH-BOkRFf_4AzTHB2dIC1FFDK_B/edit,capital_N
https://drive.google.com/file/d/1fVR9-yF_Cifsx4aMmaOL_yWTTCnuuLWR/edit,capital_N
https://drive.google.com/file/d/1mraykVvKEEJ_1HTDMxuibw-f2vBnAQnf/edit,capital_N
https://drive.google.com/file/d/1mKSSa3AhHUDiblE9Wnm2f2ILHnsyrXme/edit,capital_N
https://drive.google.com/file/d/1NsO8IYeBE8GC7WWBvfOob3wRePi_3COf/edit,capital_N
https://drive.google.com/file/d/1kvr6peX8R-fRYitYGDWgBHrNfxZa8ZLb/edit,capital_N
https://drive.google.com/file/d/17S9LY39ZvlG0wm8MHhtjSFZHW3VIyiMA/edit,capital_N
https://drive.google.com/file/d/1M6TL-35doX5xIbjpjGE22MrJ75TYJmkr/edit,capital_N
https://drive.google.com/file/d/1TfXMEE7ImJDt4WVl88rwD9I842lkuPUG/edit,capital_N
https://drive.google.com/file/d/1wRJxIhirnPm0oMFoa0HtscWEXpy2dZog/edit,capital_N
https://drive.google.com/file/d/1CE8UMt7CBU481WS-SF5B9g1LtxdXXDNX/edit,capital_N
https://drive.google.com/file/d/1BVy8vRnpJLm5Qhzo9jDBOL4ko24603E2/edit,capital_N
https://drive.google.com/file/d/1zYNUfIhD34CvgBHatvZIHPJ7GqgwwHhO/edit,capital_N
https://drive.google.com/file/d/18UihtsFJmLNHNONC_Z8OFdel9NM676vB/edit,capital_N
https://drive.google.com/file/d/1_BwKcfH3DS1GW3OWTcpM4d1gGYV3S6eU/edit,ch
https://drive.google.com/file/d/11evMsGR6urpMooR3uU3tjqvj8iaqDno9/edit,ch
https://drive.google.com/file/d/1ZFCm1BM6u7YrfpdKMLzr40ZAsUH_wFFU/edit,ch
https://drive.google.com/file/d/1Sv3MoqgOuUUYLgh1UPx6X3cjEIR3KB4R/edit,ch
https://drive.google.com/file/d/1oXRLqCN_wJ2vzcjVn_JpuTCa6tI6Ju5w/edit,ch
https://drive.google.com/file/d/1pQq7_gF6ofVFdgNYyS8wdfgv55_0QsXj/edit,ch
https://drive.google.com/file/d/1jvj4FJHWPEczaoARsGRfSew7mBGYe2gO/edit,ch
https://drive.google.com/file/d/12Sx8OQVtwftGSLrKxCvPOeO7CZkg9G00/edit,ch
https://drive.google.com/file/d/1FSsihKd8Oqd9_959h1fSxt5bNr7dm0qv/edit,ch
https://drive.google.com/file/d/1KaFxRQK7yrL643Iqlvu7I1yYVYYRkIe_/edit,ch
https://drive.google.com/file/d/1Qywk9OuVOo8ujXB22PGRQVMl0VdpHNY7/edit,ch
https://drive.google.com/file/d/1a-vXPZC9Umzv3g5H6eRGhtHsM-yyng54/edit,ch
https://drive.google.com/file/d/14efDLLjmDGcQD9-TVPb49e4XljKWQFb9/edit,ch
https://drive.google.com/file/d/1F8kXQ0oA3pfHzP-CYlOjS5JQzgxMiCCa/edit,ch
https://drive.google.com/file/d/1vtZ2EkgnNO0pylIgkLr1RDqPpFKjIZoT/edit,ch
https://drive.google.com/file/d/1CvEa3nX9J2fpFz5WJjS6b1ZYlO4DpKlL/edit,ch
https://drive.google.com/file/d/1fEWdWmo92kata_7zSdPebV--UZjAKNfd/edit,ch
https://drive.google.com/file/d/1nxVj67VqaYKVlGrI4nZoeff4qUOCnqjD/edit,ch
https://drive.google.com/file/d/18IJYmTp3ptQ1r12e3sE_6vz-Pu-OytPi/edit,ch
https://drive.google.com/file/d/1d-F9hI2KpZ5ixxE-wFsEZQ4c13fHPjLK/edit,ch
https://drive.google.com/file/d/1nAaxzVs7wl3ArMtsVW7ZuSdjeUM2jIgy/edit,chocolate
https://drive.google.com/file/d/1bOQymYO15c4SM0qYGWke-ilpQ5TtOYdq/edit,chocolate
https://drive.google.com/file/d/1XsOc68h3fwcsCVqX8uy_3vrra9v9Kie1/edit,chocolate
https://drive.google.com/file/d/1uU6NoddCjjBtW_QpGplelu_VW2F5WlVU/edit,chocolate
https://drive.google.com/file/d/1JNabA9m0dihhjcoAWAGTi7IbceORI872/edit,chocolate
https://drive.google.com/file/d/13W0VBDdve1cvg9wFO2ETBxaauOk5WHAZ/edit,chocolate
https://drive.google.com/file/d/11aA8DPPsHUE_uGzjjfCci4eV3wfP3aRN/edit,chocolate
https://drive.google.com/file/d/1A-80kj1LVuVMJuScJtAX9SIVD7xqYBVt/edit,chocolate
https://drive.google.com/file/d/1PMWddd7XG9-PNFAcsZ8zLYI3lIsZZl9W/edit,chocolate
https://drive.google.com/file/d/1TZPMrF1bOMx1C81s0TE0DvyNUwLGL0Tl/edit,chocolate
https://drive.google.com/file/d/1c9Mw8uSGWeo_VTjwENIj55ExaFzY7-k2/edit,coca_cola
https://drive.google.com/file/d/1A7foq835zrtNLSyQbS0mtvWJhr23UTTD/edit,coca_cola
https://drive.google.com/file/d/1VP4TO46Fj3UL7hlRF84R5SZRMnEIBTHZ/edit,coca_cola
https://drive.google.com/file/d/1uK7YXBcc92FsOUTUjBjNir3nIdsIemXE/edit,coca_cola
https://drive.google.com/file/d/1y3S5r9Y88w1svAd15JYj98LN7PsCsFQc/edit,coca_cola
https://drive.google.com/file/d/1wLBLj7Wfpxp4-4VjotH8oIK_IIW18rk8/edit,coca_cola
https://drive.google.com/file/d/1kF1i52Vf_Tx2cpVBLxKftuTUnp2aw2OS/edit,coca_cola
https://drive.google.com/file/d/1TmGLUHpkwtF-AuY1QfYuMSy4DoEiI0jg/edit,coca_cola
https://drive.google.com/file/d/1iHsb8jAdaukaC94YT2DEn012Y3yud9ZC/edit,coca_cola
https://drive.google.com/file/d/1yoHCIScAe1FNUMYv-CfEOwOynTfF29qz/edit,coca_cola
https://drive.google.com/file/d/1jLmZvorSqpcwPGxyGBmUJ_y0OBMMHrsB/edit,d
https://drive.google.com/file/d/1yzovK1PDWHftVJu_sU6Ln3GXQ7qCw_B6/edit,d
https://drive.google.com/file/d/19gb9cmOQ-xlY3ZNu0UdwGznyMcRGkWw1/edit,d
https://drive.google.com/file/d/1wxM8wg-pq4NxVUcpNyfgge4KK6nviYGx/edit,d
https://drive.google.com/file/d/1Y2WOugKI5mBSr6uKDK6kdpCqg1ZtU9TP/edit,d
https://drive.google.com/file/d/1hd0VOm2yVTF9qNzsuPYK1mpX_M-KJge5/edit,d
https://drive.google.com/file/d/1lB04Yey6yLRvn5Rhf1DgKOEL7rzRa6-c/edit,d
https://drive.google.com/file/d/1cZiyP7TPKBx6YFxOnQ3i3t7aRv45RlWF/edit,d
https://drive.google.com/file/d/1ohBPApZ44VNHruPnwkGF-TAsx8o7f2G-/edit,d
https://drive.google.com/file/d/1hdnBIXK6MyXK5l_9sOFiXk5nwN4qM5C_/edit,d
https://drive.google.com/file/d/1JoS9VyPc0_fWbN5baYmx9BWYi_eHIi3L/edit,d
https://drive.google.com/file/d/13Qmp9l1IpxdWpFJ4i_aHZIeDRUxA2C8w/edit,d
https://drive.google.com/file/d/1syz2dGvacn9FpRHbMnX5P8hkHfP4_vJ9/edit,d
https://drive.google.com/file/d/1eXa9dRWHSmksMtUkjrlFVKtzkAy5uPVb/edit,d
https://drive.google.com/file/d/1Af8KrDB8ZWSTxClX-MrurzFGMsB6-p_W/edit,d
https://drive.google.com/file/d/1P40MBr9S4mbdEu6hmmufwXj3IxGOehbI/edit,d
https://drive.google.com/file/d/1taHVhgTDuVmch9bHaLCBqlKEYkLai6Nh/edit,d
https://drive.google.com/file/d/1--Ugp5sKF8NCfKmfwNKNVsjcCul4VwmT/edit,d
https://drive.google.com/file/d/1gbQCq8K_yZR72binuqTnqpReI2RHNOyV/edit,d
https://drive.google.com/file/d/1mMFHzjePrp5qw024YycWCj30k9DosT52/edit,d
https://drive.google.com/file/d/1e3csooa2m1K_4yNzma55VF2e-98MSMlm/edit,denawa
https://drive.google.com/file/d/1edpzovKomjtynArnNwYeauismVaZFvYw/edit,denawa
https://drive.google.com/file/d/1aL4GZonBruxlBLlljRZn9Vk3s4i-LlUn/edit,denawa
https://drive.google.com/file/d/1jzB0is342-07d9lTUGQ9ATum0_mH6nMd/edit,denawa
https://drive.google.com/file/d/19i3D-owkdxL8SU5HaF9S5FxU0KD7xUHs/edit,denawa
https://drive.google.com/file/d/1CC14guT94X_0OqnpgYK81PuC89CVSsbG/edit,dh
https://drive.google.com/file/d/17KY-DoLuWrML7Gn0zCJDGg88dEy7Yv7w/edit,dh
https://drive.google.com/file/d/10JCyRiESkVWAp9pdet6DcV1cq4hA7r8K/edit,dh
https://drive.google.com/file/d/1tplnl9zDyoXDLI3oisB0AGZYN1Kr24hB/edit,dh
https://drive.google.com/file/d/1pfly_nNtMao1Qi_spwBKjZ9JMQdGXbrj/edit,dh
https://drive.google.com/file/d/1ZjDerx9reEXA5YFYxWylF4n_m5aB_XKo/edit,dh
https://drive.google.com/file/d/1HgdsudN8W7P7NEdJGxZJKufUX-8kNNUY/edit,dh
https://drive.google.com/file/d/1AyVYX895m0KA4KiYJ7cWfdmmY_u3m_kS/edit,dh
https://drive.google.com/file/d/1_2Ja7ON65YMt7CSgx1DriEdgXvHkRztP/edit,dh
https://drive.google.com/file/d/1nAKL-fAsC0CCmlsjytlPMc5EPq5txD_H/edit,dh
https://drive.google.com/file/d/1Zz62t7_WrDUAHsqpQQvGrc_-oEBC4uR4/edit,dh
https://drive.google.com/file/d/1PnwTQb0Wx51sMCzBJ_rYG2eyponjQCtL/edit,dh
https://drive.google.com/file/d/1-YQR1-8m8iIu2-Ns69mTYh2T6nroNkyd/edit,dh
https://drive.google.com/file/d/1nqoEPZ0oHgz50-ErRhnbDIyfGuQMCNja/edit,dh
https://drive.google.com/file/d/14oSC6JaTGwC7fTlFUaaUxZTCP0K8ZLS4/edit,dh
https://drive.google.com/file/d/1gXTPFhuV6y57RfPnC3U04TpVRD-N544A/edit,dh
https://drive.google.com/file/d/1hfMbQVqrnKnUqZ6fLKa60PUrbPjZiVAw/edit,dh
https://drive.google.com/file/d/1pr6f154GXmrDlhdzi850NIWyNjv4T2kX/edit,dh
https://drive.google.com/file/d/1jaa8960577O3jlpOHwypedeL0THZOv2r/edit,dh
https://drive.google.com/file/d/1CdiQjbpyG11lFV4DZ4oyG9Fdd0h5oNh7/edit,dh
https://drive.google.com/file/d/1XZAonoTzhFRg_kHJPUK4pr8hoxP_N0wv/edit,duwa
https://drive.google.com/file/d/1zKEwCI6VP1x56fD9j84X615jJFpu9jDM/edit,duwa
https://drive.google.com/file/d/1F6gAHM-L8gZKRS9WCtJzw3tI8f1zlW2U/edit,duwa
https://drive.google.com/file/d/1Mw0LSV4gF0D1PZ5ZPHEPtTIttbrwoYCW/edit,duwa
https://drive.google.com/file/d/13U1JPhigyX6JBDEvDk39z0USLwf_bm2f/edit,duwa
https://drive.google.com/file/d/1Cl2betGxliXvnjVs0Zui7trw7R5YVdLl/edit,duwa
https://drive.google.com/file/d/1Wc2XhapGFmxOV_D11atmEQBvF4cRgvgg/edit,duwa
https://drive.google.com/file/d/1TX9wDzY-3xvpigmeghewAmzD-LDqGP3Z/edit,duwa
https://drive.google.com/file/d/1e6P6teX0Nu80qnIWqbbFcGWfH6UiCV7y/edit,duwa
https://drive.google.com/file/d/1myy-XBlYaVWZxh4RXiZO66x5XePFEWCS/edit,duwa
https://drive.google.com/file/d/1s-MdAU7Vlrn1DJ3kWCh_4eCPKa0rvVYk/edit,e
https://drive.google.com/file/d/1cCp0UvSkXqFb_jZgCqSOjhYerM5gvLj-/edit,e
https://drive.google.com/file/d/1QSnVRhRdl4F1bJcz1brYy8terOUvA3mQ/edit,e
https://drive.google.com/file/d/1-uN_d1CDAXW1hjm7sVe1rxOTswb7907i/edit,e
https://drive.google.com/file/d/1F0iG9jgImKVNBEJPzArSOLf_vwKT_8UD/edit,e
https://drive.google.com/file/d/1pioeI13KClSZ4gUm1TT_e664uzCMN4Rd/edit,e
https://drive.google.com/file/d/15KAT8Yzew90G1s56ccrU3m4BCm4v6_-t/edit,e
https://drive.google.com/file/d/1xlhEz2XgRRuOllGIZNfQFZ1zdvamB8lq/edit,e
https://drive.google.com/file/d/1_FBbF2oS3qGnXBBINNvb3js8IJLf4o7o/edit,e
https://drive.google.com/file/d/1F9UB5I1DYNj_Sj4g9bgeyexaBdKdV-n2/edit,e
https://drive.google.com/file/d/1QVxrY99JHoPH7p-c1d3JLSi0E9pkM_4t/edit,e
https://drive.google.com/file/d/15QDjlQt7c7UmjiWRSFSr7nrFyV28YG-g/edit,e
https://drive.google.com/file/d/1MFXQF4XJlxQsh8xrqKwuMsfJz_r8xpO1/edit,e
https://drive.google.com/file/d/14y4zkrcOEyi1_beYhTq7UyKUKUtD-1P5/edit,e
https://drive.google.com/file/d/1MiCorhU6ze49TxzUgSVcYN6rkI0M01Zp/edit,e
https://drive.google.com/file/d/1zFNp-kLo12QHwPbZm5hujFRDpgFGhIBa/edit,e
https://drive.google.com/file/d/1GBL2lp7PRJJyyQTXUQC5UW8u292DUvVC/edit,e
https://drive.google.com/file/d/1nPlztzHZ3IGFrWyKapYaNS-dvb8Zu6m3/edit,e
https://drive.google.com/file/d/1D1_Plud_4BgsIqtsldGCW5hlFWdnt4Zx/edit,e
https://drive.google.com/file/d/1tGQTgy7wf0YZvOg3pnk1BJfeDyYE8GYz/edit,e
https://drive.google.com/file/d/1I21atv6a09vqbRAA-YGjHFjwScXC-Z48/edit,ee
https://drive.google.com/file/d/10u8eq6XafhMWTz0o_zw0iy2Qd4Yn02oG/edit,ee
https://drive.google.com/file/d/1lGgYSkwsH3u_gDJPjx9nNaesWfhqP4Ez/edit,ee
https://drive.google.com/file/d/1Ldhw46iaLnfKF4_SZqgdfcXFEIO3iq-K/edit,ee
https://drive.google.com/file/d/1thKgL8ul5BeJEZR-TugaEHrkEI58MB1A/edit,ee
https://drive.google.com/file/d/1EadbmKY-4vVSTMVJTGOQPxVuHQOm3S1f/edit,ee
https://drive.google.com/file/d/1N36sLJa614qNqZ3oGCGcHMakCi53GD0I/edit,ee
https://drive.google.com/file/d/1SmrbV9sV3XnftFXr8fZxVmsDh483ryfV/edit,ee
https://drive.google.com/file/d/1Pd6_9012Za0ocAJN8LQDgQ0diSyzQ-fi/edit,ee
https://drive.google.com/file/d/1-mQsNjpO_2G5ZIOUffdK-WuoXjMWjxpX/edit,ee
https://drive.google.com/file/d/15y4ThaMGNphQpdiLpdtQbRz59D2Jc_NS/edit,ee
https://drive.google.com/file/d/1JzoTQaAD8FWJnoNw7onXqKpuZK8TDpaX/edit,ee
https://drive.google.com/file/d/1TyVECYAPn82tnscWlpBE6OatH2_CQMMB/edit,ee
https://drive.google.com/file/d/1gFbbEsi9tAPu4f73w23tiaN0dpp05psp/edit,ee
https://drive.google.com/file/d/176XDSvNBvoUimnuTK-2ao3kQcfZI4-nw/edit,ee
https://drive.google.com/file/d/1HYkqfW29tb5gIz9aSQVgHeYT01YXV_X0/edit,ee
https://drive.google.com/file/d/15MPxL_hEEutMCKI3HtmAB6wbiG9S1YoR/edit,ee
https://drive.google.com/file/d/1FX74tt5OifkD4IzcIfIY7lD9w4jxP6Ye/edit,ee
https://drive.google.com/file/d/1ttmIpJx3Ro2TrNB16Ww57nn4D5n7TWg5/edit,ee
https://drive.google.com/file/d/10D98HUz0pz2oT0f0oCffSIhWoVWAXXmh/edit,ee
https://drive.google.com/file/d/1FSFXNJZnsK1WIvJaSUQYuyhGpJFYCFD8/edit,g
https://drive.google.com/file/d/1G_9pGKA8uD-H8RKqhchkaEmhjiH4RIQU/edit,g
https://drive.google.com/file/d/13_o3j7toRfF0yd03vI4dTZ0CUGjO6Z7L/edit,g
https://drive.google.com/file/d/1M_4Um0lDZlqYj33VHu0lVLBi3QbY2kAv/edit,g
https://drive.google.com/file/d/1Z47EuCNJ9FAS56suM38MhZfdAUMMRtTo/edit,g
https://drive.google.com/file/d/1c_ij-E_M4E8yZdCJB05f9G3Ycz6fREsc/edit,g
https://drive.google.com/file/d/1kQ3GJge1g87Zn4eZIJg0kUnLFQ4uIBg1/edit,g
https://drive.google.com/file/d/1oh4bbRFYOliqn8_wjHMhyahMuF7wWf0F/edit,g
https://drive.google.com/file/d/1kqx6RN25rj4dE4pQ5QqUZKumXptTzi_a/edit,g
https://drive.google.com/file/d/12MpdawH0nfgly12CZ9rQ3q3oQry0fjjJ/edit,g
https://drive.google.com/file/d/1EVbQmk1f1cvH1c5OvvSUQ1qkLSRc2jHJ/edit,g
https://drive.google.com/file/d/1BvL_aARbbXyLoCjOuUWdV0UiLDU-sDbL/edit,g
https://drive.google.com/file/d/1uTtsmxscKnDY1VmR9gvUHEDfshoYlq2K/edit,g
https://drive.google.com/file/d/17dnA-r3-tZH6NDjB2USls32HAeHh4elc/edit,g
https://drive.google.com/file/d/1m1NwCe2AS6HMxePew7B5KV5dCXz3mZaM/edit,g
https://drive.google.com/file/d/1O2re_JQ-hwLJloIvElkddgYVKmJfFCBi/edit,g
https://drive.google.com/file/d/134ddroCjb67P09lE1jVeKOatH8XvT87w/edit,g
https://drive.google.com/file/d/1Gn4CF6bFJQq84kh9QRKDgn5eK1NVFBiq/edit,g
https://drive.google.com/file/d/13Qid9EH_ErjAIgupGkWAyNlvn1Uxu0_7/edit,g
https://drive.google.com/file/d/1iX4ILyuW9uYNpg3sBdg05s652kOH4_h_/edit,g
https://drive.google.com/file/d/1AVGjdnDQ-Fqu5UkNPQUFz2aerNH4uk1o/edit,h
https://drive.google.com/file/d/1qS7xeSb3osjjVp-ORRSaW5u_W_XPhtnI/edit,h
https://drive.google.com/file/d/1i3WBXqJMsLHRBuMcTNSM_NfVpiaOV078/edit,h
https://drive.google.com/file/d/1rM1aK4DF2umGS3EtpHbXyrKi_pozxbnQ/edit,h
https://drive.google.com/file/d/15OaHuzIcDVtZqWhclFUaQUqjuDcgu_f5/edit,h
https://drive.google.com/file/d/1Q2IMFfe-WU5i87CzHOVXLPeeo2ihYVfC/edit,h
https://drive.google.com/file/d/17oy509aAzR9Z0U4cd6n0BPo7xN9Oc2iQ/edit,h
https://drive.google.com/file/d/1O93U6wLRIWWFsdf2jtkoFv6SMXMmT8Qt/edit,h
https://drive.google.com/file/d/1I6dNB6rh4cZ-ZHMzc8xHULTPbGyyWhSG/edit,h
https://drive.google.com/file/d/1vE20G98GPtCsP6GevFHnFCTaAyM6hGjy/edit,h
https://drive.google.com/file/d/177KG_Wes3kNgDphV4V4jNAUxKMTJ6jBY/edit,h
https://drive.google.com/file/d/17xHRdMgZKIchYrGktYDUPKpOEgAPV3i6/edit,h
https://drive.google.com/file/d/1sT3QfpDOig0B8rHoHrWGbXoviAuHawg4/edit,h
https://drive.google.com/file/d/14-qhK0fsn4soHTXWNacVnm1bBSPcMg1t/edit,h
https://drive.google.com/file/d/1Jzuq-2O_sjUycE7JVzGWlfp7jsExUBfa/edit,h
https://drive.google.com/file/d/1RDLZisfA-JOWSIsDkekC4QrjweMqheR5/edit,h
https://drive.google.com/file/d/1SaWo-g1dPMiieq8qpSJ3gc2DH9tvDp2F/edit,h
https://drive.google.com/file/d/1fu7H1zqn8kmDUFtSvSgpP_aKTMZ3N91Y/edit,h
https://drive.google.com/file/d/1IoLCouf2B9ZhPJj3Iqc4P31fNI8WIv7N/edit,h
https://drive.google.com/file/d/1ja9DkuSPt43plWqUVIvsLEUTIMyCSbY1/edit,h
https://drive.google.com/file/d/1_3ZgeJULW-pceTzifwzTfHg_sr52ycIk/edit,hadanawa
https://drive.google.com/file/d/17kMl6bqDK2LG9HMNi44jGJba3aCxXA0O/edit,hadanawa
https://drive.google.com/file/d/1_8KWPBIkeCXmCC5AilwpIPbj3S_alVRy/edit,hadanawa
https://drive.google.com/file/d/1fX0GN-0VgSKujFPqSSzlz5XU0pFsiHEX/edit,hadanawa
https://drive.google.com/file/d/1aUyefQQ-ddoYCa5NbOMBMXg6sHd20bD2/edit,hadanawa
https://drive.google.com/file/d/13tI52PV23GIVW2ZI6eqBYISO9fcaygc8/edit,i
https://drive.google.com/file/d/1vgLCUZC5a32mxhZbMjglqMyt3qUKG2jq/edit,i
https://drive.google.com/file/d/1B4Urw_IjLN25jf6aG1fALNzBp_0OpfTy/edit,i
https://drive.google.com/file/d/143OxKPTeHDR6tsz1kZmOYZuZJNi_sWzy/edit,i
https://drive.google.com/file/d/14OwktB2TRHNqA225rZUGyhAsw9BtmRrF/edit,i
https://drive.google.com/file/d/1spPYBHq9Q1nKCsJBAISMKo2B9JnCBwvQ/edit,i
https://drive.google.com/file/d/1jc8aKoa6wM1haj96ZJ6mrNZ9lhkvgPZx/edit,i
https://drive.google.com/file/d/18EsiS-VkDreHIe2pSyPCvlbtTbP4g1km/edit,i
https://drive.google.com/file/d/1vZnVWWMmNEtcYNzWVGrJ_I5CDZdEXO1B/edit,i
https://drive.google.com/file/d/1gc8PwR38cnt4kAF9luIYxZ_xFQqDrSSh/edit,i
https://drive.google.com/file/d/15fAMjoKHQdMNt7ae4QfsA3g-HkUarEaJ/edit,i
https://drive.google.com/file/d/12rNPTemVNv7Z8Aim_FqECdaoHTriAMZS/edit,i
https://drive.google.com/file/d/1f20XDHCeVy7P2ANC7UNTQyY9_UfC9wGC/edit,i
https://drive.google.com/file/d/1_f-ehu2Mn_XWlg7aW0h-7TfGRuAEfMrb/edit,i
https://drive.google.com/file/d/16GN_uD6KIm3CqokPuLA3smR0btGTcQWg/edit,i
https://drive.google.com/file/d/1hOJTxSZnIZFhaPIh4bvrq5zO5jyj_yUz/edit,i
https://drive.google.com/file/d/142oiB6EJTaKAqsWZ_Jvhf3h1UDZQcF4n/edit,i
https://drive.google.com/file/d/1psd-1chq6yVeovoI1fhQ0jRWslEnYKoy/edit,i
https://drive.google.com/file/d/1H9GN0CjnP0KTPB2pMqyQQLaBrNfDDQL1/edit,i
https://drive.google.com/file/d/1EkSBLHGKr608bLFqY7Xfyj-_UiIBwDrA/edit,i
https://drive.google.com/file/d/14Xm-0fjeM0OjmBYUUwpkMtN6mr6r16t4/edit,ii
https://drive.google.com/file/d/1y0XMdPwnvOkWhEkBNUjNXMbJhGtRZ-A-/edit,ii
https://drive.google.com/file/d/15pRkpOlUd5MbbZ6tzoiwmxOnO6e1Jgoy/edit,ii
https://drive.google.com/file/d/13AKDDnsBaYb_yHHyga7XFPE81ejIPf5o/edit,ii
https://drive.google.com/file/d/1hfhPwF4iOqcCHPKJTooMUlfUogZLqrF-/edit,ii
https://drive.google.com/file/d/11gx-qmQN1Kcgab7uYWvRU-NlXVyfi6h0/edit,ii
https://drive.google.com/file/d/138uxQzOJ5TL5dIcfVhNyAOkQQLhgmf1y/edit,ii
https://drive.google.com/file/d/1rjBY9Tpp4G_T9g65e-ODeqYWeTGTLw7w/edit,ii
https://drive.google.com/file/d/16LiPRmJDcyXvcgxv_zeOz41XKZL82vn0/edit,ii
https://drive.google.com/file/d/1MswNjthszPgfDLzYXoc9UvTGMQiiwEgj/edit,ii
https://drive.google.com/file/d/1yBSrB5AX0o0rMgzXHL9NurvM5Rs_sXbA/edit,ii
https://drive.google.com/file/d/16_zQ4LgN5VfKzxgrjONTNiBu9xioZ61w/edit,ii
https://drive.google.com/file/d/14F-iXKWZ9suQJR00pFxbXLHpsuhiTwcl/edit,ii
https://drive.google.com/file/d/1Mw42F05kNIKGDX31_VdCOv_m4sXYySJ-/edit,ii
https://drive.google.com/file/d/1rm8QPdoh2h_iE-4h0b5PTJcziCazlZIj/edit,ii
https://drive.google.com/file/d/1gVbB6us6KcQA264FiFCb2C-mZE1FQPGt/edit,ii
https://drive.google.com/file/d/1pzF56mi3VBLY2U8Ucm_CDvJCO8hBRFKs/edit,ii
https://drive.google.com/file/d/1fRZkRAoWOLPZxbTSJyt5mv0P6bcSXJu-/edit,ii
https://drive.google.com/file/d/1CmDK3EZa_U_xpkpCtzRkwKp-IDceDv3K/edit,ii
https://drive.google.com/file/d/1D0DOpjBaXKueqksEIXCfUgsJWpchG4uV/edit,ii
https://drive.google.com/file/d/1faOczW6tMasQkMU0uxq7ypHZioRl9bkE/edit,j
https://drive.google.com/file/d/1vhtzUodA2LwC_3AyoXcfBvGtE-tzUBkg/edit,j
https://drive.google.com/file/d/15HmvglrqhKl9rAlXl5s6hzIJJtAuhq0o/edit,j
https://drive.google.com/file/d/1LH6ttf2zTurVnNUg4PZU_zusdwXgWpbv/edit,j
https://drive.google.com/file/d/1pQxy4hypoq3kdwDRzvSOiVDWi8E4dlmS/edit,j
https://drive.google.com/file/d/1MnqQ5EX4AeHjuWh3o7GXfkP0xMJtbsE0/edit,j
https://drive.google.com/file/d/1hdTZW5gxCjC1xSLphaHZy6idOOsNmCf8/edit,j
https://drive.google.com/file/d/1arCf6YIcqgNM5zy4CoFd9vTbqDLGC1tV/edit,j
https://drive.google.com/file/d/10AN-g3-Wyhz0Zg_MHMYRhxJvAHYVnVel/edit,j
https://drive.google.com/file/d/1qGIfQWcQc3khZ-t07g1f-ua6WbHjdXT4/edit,j
https://drive.google.com/file/d/14ZVHvtY337AUlVG53k4yTYuTSZcja-V0/edit,j
https://drive.google.com/file/d/1VhCfTxaiKPiv8yKcLyUHFKn4bLgqQ1JF/edit,j
https://drive.google.com/file/d/1CBs6O3g6FDh5kqUcJptd6TwZsK45eM90/edit,j
https://drive.google.com/file/d/1vlEICdt5Abh_4a-j6yy1CfWXKUUDPy22/edit,j
https://drive.google.com/file/d/1BVSHiwfMpP9RCyfZ61LSjuVVW4oLcyEq/edit,j
https://drive.google.com/file/d/101vevSLKvWewc2Nb-jASem0J9KW0gn9B/edit,j
https://drive.google.com/file/d/12eQscqq9qtd3PlBZ_hXnJgPJ9GHvBYpN/edit,j
https://drive.google.com/file/d/1I7dEbWUkLT5Vpgbi1HeJhqu4AZzZDvaj/edit,j
https://drive.google.com/file/d/11Oxm5yMbVeiImZqDbkVM1GmTqU5X4l4R/edit,j
https://drive.google.com/file/d/1ZR8R8xur6fRjrbFJyOZtuFsL3O0PF8rQ/edit,j
https://drive.google.com/file/d/1B4EGq0-QtITkog79Y9p4fWCvCOajGZqC/edit,jj
https://drive.google.com/file/d/1CX2SSpZC8o8HnGf3LRnaFQ04j5ZqoiS4/edit,jj
https://drive.google.com/file/d/1g6jdlMY8sWorqdo_PFhn6IIeXI64nVmF/edit,jj
https://drive.google.com/file/d/1t2Q0-t-S6aWX6mxPaCHc7U873s2YO6GB/edit,jj
https://drive.google.com/file/d/14tzonGRWxGaoFnBKOGaG2bKa9hk2Ezoe/edit,jj
https://drive.google.com/file/d/1vmGpoWo38aiFjmTjGjlfbg3Vgr3KQKnI/edit,jj
https://drive.google.com/file/d/1uj8zPMib1M6wE0wuwV_Dl8xfXUT9_dli/edit,jj
https://drive.google.com/file/d/1SVr7rd9hiso6cm829MjKXzrhtByf1yAi/edit,jj
https://drive.google.com/file/d/1H3zJNQSDqxtiKjIJcfFnzNGxFJ3sU6UL/edit,jj
https://drive.google.com/file/d/1a1PufKRwAyA0QDte_k02gd-kcRx7YIj0/edit,jj
https://drive.google.com/file/d/14RdsVDiHomWK3IQwXWO-C6PdhGyGVgsL/edit,jj
https://drive.google.com/file/d/1gBz7IynEa1avW44nOYO-IDp-Z6T-hQ51/edit,jj
https://drive.google.com/file/d/1i3j5S8VKcPy4oS8ggxxHeg6Ab4aX0R81/edit,jj
https://drive.google.com/file/d/1l-O4PKixrzZ8EWHKZKhAY4AS1L0tF4Di/edit,jj
https://drive.google.com/file/d/1GoEqO9dyxos6E5LFQvakEu-9X_aZhXcy/edit,jj
https://drive.google.com/file/d/1Y73PDenGlvruTxQc5VDRQ7gf3Nmal5im/edit,jj
https://drive.google.com/file/d/1QWSI70QcgEfjFOlzAxIwuWOK9ZhjyHHg/edit,jj
https://drive.google.com/file/d/1yYnXUlHuMVGT-K2rWe8MyxspaGGG4vkC/edit,jj
https://drive.google.com/file/d/1GZk4qxYxWCPVjWo8dq0NvygottXC5HXO/edit,jj
https://drive.google.com/file/d/1kzWfCNXTnVKxSjPUIGdqVn-moy5JNMvt/edit,jj
https://drive.google.com/file/d/15UiO4rWb9LUoIqmgXm5JAVgYNSL84iKH/edit,k
https://drive.google.com/file/d/1wNHa2rcxNlu5aU0U5HuFRn8aUnhbGZvc/edit,k
https://drive.google.com/file/d/1MfGxUvwUkutO4uhyR4UShPAoVuiXwk-G/edit,k
https://drive.google.com/file/d/1ZFAGSvbWgOYYnuZ43pU1W3U6uPh7a3yk/edit,k
https://drive.google.com/file/d/1bu0QvpPKQ69l4eMpwFG8MCPCUgz2zMFb/edit,k
https://drive.google.com/file/d/1kT_ugxx3uMWpm1Qxn9EbI6tHnCLz77xY/edit,k
https://drive.google.com/file/d/1K0k3LmzevXKNl2MvR6LQzb6gjdL1r-Xa/edit,k
https://drive.google.com/file/d/1HBbrOf4ODOF8d0PXEoPEYIe9QV_tcrjT/edit,k
https://drive.google.com/file/d/1Rut5op_8ezrl2X6pR4TmixrbJkUFcWro/edit,k
https://drive.google.com/file/d/1KxmJELIsT8D2vsJcFwVypr_3aWCphmKO/edit,k
https://drive.google.com/file/d/1b63EJ1bUY8s54z7QhhTLKf5Vw2QCnLAX/edit,k
https://drive.google.com/file/d/1Z9k5E_Noj9WoMTRKecRQbfRDhl-gl6uK/edit,k
https://drive.google.com/file/d/1CR0G1twDejcdzQVT4jrRj6pRUPF1QYTe/edit,k
https://drive.google.com/file/d/1m0_qSzbh_syayKdO75riIki_2vDysQJA/edit,k
https://drive.google.com/file/d/1XOGiqpozDdOM093zwsOzdx8oHrAiq5VQ/edit,k
https://drive.google.com/file/d/1ft11R9QqsYKTHRNB3LjlBQdud5rj-4hI/edit,k
https://drive.google.com/file/d/1VC3A2Qj_Fl8QhdHQC5t8eP8sNvBZoQY_/edit,k
https://drive.google.com/file/d/1k0Oz4btuPtD2B2aVRdrWodXfJKAS9T2x/edit,k
https://drive.google.com/file/d/1XmAvHITdbgWk1uTB7wEhi13dbsrwBHJN/edit,k
https://drive.google.com/file/d/1dDzKWTpWo4VhdsZRH98Ijybr8QP4j2OI/edit,k
https://drive.google.com/file/d/1qZDu0a2a6Obnl1Ui3aPYL3Ayn8T6KZ3u/edit,kanawa
https://drive.google.com/file/d/1jtjwSVt7b9BwsKw3uA7smyRNg9nLGYME/edit,kanawa
https://drive.google.com/file/d/122tXhmB5IBOqZ4vtMYDrjsURqoa-jY3I/edit,kanawa
https://drive.google.com/file/d/1E9GJmSI4Kasqhp3RFLdEq9yzQwUkXqbl/edit,kanawa
https://drive.google.com/file/d/1hfv1dMmzT-WJRWIQsRZRmI8Fr9_qWZLo/edit,kanawa
https://drive.google.com/file/d/15C4JsGE-r3fcBCIW_s2dnW_7aaCHHWLW/edit,kapanawa
https://drive.google.com/file/d/1koWRF33AHlQ8xZRwWX8gSnoTo3zi6EDo/edit,kapanawa
https://drive.google.com/file/d/1qp6au_ieuhyCe-r_hBmUw66zN-UfBk2W/edit,kapanawa
https://drive.google.com/file/d/1EbT6z7fIamwqqV-I7Dp1qBFy0NQVfUEC/edit,kapanawa
https://drive.google.com/file/d/1ioYaNa8apOxaWJKRbFINQLRbkugnGoHe/edit,kapanawa
https://drive.google.com/file/d/1e0WDNFbtcVpsCXlBRLu_ggZdR-k9phsF/edit,kapanawa
https://drive.google.com/file/d/1jiZgZfHEL0lOV5Ll5AfoWtLExCr5zsWo/edit,kapanawa
https://drive.google.com/file/d/1jNTtgHxVjZrhW_REBEDqOa2EF7Isu6JI/edit,kapanawa
https://drive.google.com/file/d/1kjYbBKi76vUfuAwOJvDVTSMkpVhFhbTq/edit,kapanawa
https://drive.google.com/file/d/1kyTGrVrDmm8pLLgIb9TOyGMyU4Y8xAg4/edit,kapanawa
https://drive.google.com/file/d/1wrqNw1Fsj52VDzqYT3_gEinZwJJyP_cK/edit,katha_karanawa
https://drive.google.com/file/d/1_zNuXb4c9LsmvBtQAFrQZrHZxzom9AWD/edit,katha_karanawa
https://drive.google.com/file/d/1xHYcN5svEJ7t1QcbZC1by-0bAXATl49Y/edit,katha_karanawa
https://drive.google.com/file/d/1Vt46mPHGeOTiZyaZdEI4Rra3LmpKJPbI/edit,katha_karanawa
https://drive.google.com/file/d/1Ma48gpfz4t4BXvywmrnrwPEtSznzPULe/edit,katha_karanawa
https://drive.google.com/file/d/1vFrfiN_y6aj_5ednPHjJGtyjJDqN14UO/edit,katha_karanawa
https://drive.google.com/file/d/1CaV6h8Bu9Hl1A51cM5Tdit2eTJ-LLAa6/edit,katha_karanawa
https://drive.google.com/file/d/15W-6QWph260zQVaTkfamTPSC9uT85yKx/edit,katha_karanawa
https://drive.google.com/file/d/1mX_90L_IpK6LmeeNL8aReCfXtWyTHegg/edit,katha_karanawa
https://drive.google.com/file/d/19czW5lwYUdFRr6BNCX3vwMMNIX5NkRjW/edit,katha_karanawa
https://drive.google.com/file/d/1YPOTOpS2n1ZE78IOLxd6vFxkQ1RkvDVy/edit,kesel
https://drive.google.com/file/d/1mC8Zu_PY84yC0MEp-Dzp96wXNmbNxgsO/edit,kesel
https://drive.google.com/file/d/1M1DK_r2L-ZdBtwpZ_qwMbFPgQHLGZlyL/edit,kesel
https://drive.google.com/file/d/1qTMaRr08nomvFfIiD1EcYzxLJ6vknFhX/edit,kesel
https://drive.google.com/file/d/137hgu8vecTZWvSEp-ePbF-hhjEVfpJja/edit,kesel
https://drive.google.com/file/d/1dCPfw3kauKIdY-Elqh3W75vXarDyyO7y/edit,kesel
https://drive.google.com/file/d/10KDRz5Z9VviGE0fP2I1GmYq6PmHx0gkG/edit,kesel
https://drive.google.com/file/d/11ZnK0sUCPtk5T-nWJB0KczAwJLrW3Ygu/edit,kesel
https://drive.google.com/file/d/14FYZ3HzFZRoaZsMsEX-e1sqkQfSAGrN1/edit,kesel
https://drive.google.com/file/d/1m8bKVRV_wOXfQ786cnQBkVFGZ6k3ogE7/edit,kesel
https://drive.google.com/file/d/1Xo4yN7ybZ_y_cA6bM4WNu9dQzvKSTkzz/edit,l
https://drive.google.com/file/d/1xnlm4bMzKXG53nyqfC8SMRFmjexuRn2_/edit,l
https://drive.google.com/file/d/1ZcGi1ZymEU4LaES1NyFjo_Lql376cozF/edit,l
https://drive.google.com/file/d/1YOyPt578IS3KeFHyHP6PSBJ5zt_EL7h6/edit,l
https://drive.google.com/file/d/1CU29nqGNk1xZtsGS6so8FDz03--FNqPm/edit,l
https://drive.google.com/file/d/103VMTWefQGpzBbvBDXdMx4ouX6Mj0U8a/edit,l
https://drive.google.com/file/d/1F7gL3C1CnJwqfYsO-uQcRCj9cGu_rFf3/edit,l
https://drive.google.com/file/d/1mY7bJ2phPD4dhiWqG-F0fGd-Za3LLj4o/edit,l
https://drive.google.com/file/d/1088c1o1XfB5haS8E-Vbxwx6X17UCIfjY/edit,l
https://drive.google.com/file/d/1DISgzf6QRyVWmL7jVB_wmHv4atypeNMo/edit,l
https://drive.google.com/file/d/1QZx-5QxHW6s-2YBWf9gYbVNT8uETnHqE/edit,l
https://drive.google.com/file/d/1fP-agSsUTzFxpsk5tYZToNXbHK2XyRLD/edit,l
https://drive.google.com/file/d/1GcZwz6LuUkK9Ms-qGGmfpbk__ztIOtfT/edit,l
https://drive.google.com/file/d/1kFzf9cYzg36lIbOl3cp99sE9YX76-rFu/edit,l
https://drive.google.com/file/d/1ReUijWzhTfD5Me6RWPLwmX_bcxwSsglR/edit,l
https://drive.google.com/file/d/13H01ge-QBOP3ps0iCfjiy9aiurf1yIWJ/edit,l
https://drive.google.com/file/d/1D8LYKbwCxjVBHbHbmkvX20jz-MWWGN5G/edit,l
https://drive.google.com/file/d/1Xqtv7vp9jz87WjGIERMjySlgMj8vBLNK/edit,l
https://drive.google.com/file/d/171mE8WR7Xw0gT9wAsLhjrJOY3nWXIWCl/edit,l
https://drive.google.com/file/d/1jl4lnGckQK091lfVVCVUYk91FahLMZrR/edit,l
https://drive.google.com/file/d/14p1pQDTiHyPd9bU-mobxkxBG9pMa-t_J/edit,m
https://drive.google.com/file/d/1tofptXQPCIRq8Ac2bowE4TgtM36e7-HA/edit,m
https://drive.google.com/file/d/18Af5qrg4jAZGisfQbDZ5fwciXNxFRvr5/edit,m
https://drive.google.com/file/d/1zML8g-r9f2i2xzYFd4SbU2LkyZonI7sR/edit,m
https://drive.google.com/file/d/1kH0vHGHNvcA8dJEkRzxvHa_8QGjdoSrE/edit,m
https://drive.google.com/file/d/1Wo5oo_0kEezTdSb6ElaS8uaYmrIyuxkB/edit,m
https://drive.google.com/file/d/1Q8mapw2_0AeC4rhZowizOH6Il5ilUNBV/edit,m
https://drive.google.com/file/d/124EOF6gYcQ-CSPySubXH2oTTej63c_rf/edit,m
https://drive.google.com/file/d/138YtAkCy01NhiaZ9DxEjfpklQ2GBrHSp/edit,m
https://drive.google.com/file/d/1rSzNmdXNRmjEpYy2M-gtKQXJDkThpjMA/edit,m
https://drive.google.com/file/d/1GVvquPQwT_JslPDXoz-olbogpXGe0dp3/edit,m
https://drive.google.com/file/d/1iVd1Hyy6qqSDluhr2ISzyuIx8NG_LAKt/edit,m
https://drive.google.com/file/d/1KCy5AvdSZJC4tVZ0HJaBBpC_Y8cB1gdv/edit,m
https://drive.google.com/file/d/1PorBSZzMCQUSy9ed_J3ZLZ-8R_k7M6kS/edit,m
https://drive.google.com/file/d/1sMdDo1mnBSGK9w0TXHgmLxnOq4TgwW-2/edit,m
https://drive.google.com/file/d/1K-NYBadKtrDBFyEdeYTRkyTTdPcfdoZP/edit,m
https://drive.google.com/file/d/1mebjZsDxIaE3r_sjx6yOipC5-2ZC1tQO/edit,m
https://drive.google.com/file/d/1HOoIgaFNEGUwGMON5VN4xqGNlrUP3XVh/edit,m
https://drive.google.com/file/d/1dTbFLDQ76rdHsKDFHuRdsmSkqfJw-TpN/edit,m
https://drive.google.com/file/d/1tK0XZMQMtNb6DhWXPg4kZBywAzI7D1e4/edit,m
https://drive.google.com/file/d/1j2XdXf5zVWSaGR5hfcnlUowpnLrSzvJP/edit,malli
https://drive.google.com/file/d/1X_YSZ07OwWLmkkYGi0HPXnSNIZWBfZec/edit,malli
https://drive.google.com/file/d/1RzzK3hcyhDTdLCDQZqSz3npKWe4Joz6i/edit,malli
https://drive.google.com/file/d/1eLCjw5yFAXz4jtB94K8q-FH1h4kCifYf/edit,malli
https://drive.google.com/file/d/1-eBsiUjIDwewcVCHqpKj5yTwTRg3yMWX/edit,malli
https://drive.google.com/file/d/1yHP_RTM7jtEttx5x28OBP9RQ7pIn_Tc4/edit,malli
https://drive.google.com/file/d/1GMM3cd-CHCP0HtrBE67jSQB8bg6G2r_D/edit,malli
https://drive.google.com/file/d/1fVSdfaO3qsWoK8AVydqDKskaJjG4NRVt/edit,malli
https://drive.google.com/file/d/1BXm_1oLmRS3kveNo2Z6HYelB1Tmr7jf_/edit,malli
https://drive.google.com/file/d/1OwPyNX7u0aAbq05eQ9_gvyve937_LblC/edit,malli
https://drive.google.com/file/d/1iml8Gobng-MeT8xsB_hThkeyPRbU0QOB/edit,malu
https://drive.google.com/file/d/1Ui9Ysx3moPOHfduqlZdRoFu4yu0QLL4z/edit,malu
https://drive.google.com/file/d/1jG-HQAqXLsMDpzKIb9QaR0TS6ZXhaqjB/edit,malu
https://drive.google.com/file/d/1xL7oYTUWbFcn_DSLDVWD7CaDuXuIO6_e/edit,malu
https://drive.google.com/file/d/1QCYdFfCbDZjttjBFTy-noXKt2_o1gdR0/edit,malu
https://drive.google.com/file/d/13zE-EWBtHmqR_pQec0EZ0fZoZCRpLzL6/edit,malu
https://drive.google.com/file/d/1W_Sr_ZA-bBUgU4ry7BP2AC4B0SQXRUdc/edit,malu
https://drive.google.com/file/d/1H8tfdLnlOSOOJm8GSrL4mKYziu5vHIcx/edit,malu
https://drive.google.com/file/d/1BQul9NqSz8wcacrVlomL0obQzagkE7CN/edit,malu
https://drive.google.com/file/d/1GVm4KaqkuGWHfLwV9n2TWEknCEF1TWb_/edit,malu
https://drive.google.com/file/d/1yYhQhNgZdc0YKL21fZDNiFRsfTwOykTI/edit,mama
https://drive.google.com/file/d/1fy-5VcPTzz-R_Rxrpc8d2eCaMvgEcNtw/edit,mama
https://drive.google.com/file/d/1r9BiyoP2UloAojojJHvz98C89TRNWJ5h/edit,mama
https://drive.google.com/file/d/1Xv1TYpP4qMNqJ6C1KUbCdeZnQguHL7GK/edit,mama
https://drive.google.com/file/d/1VkC295YbmqUKi4zaTll4g70YtWtJWBp1/edit,mama
https://drive.google.com/file/d/1V9KWBQarw28sHwJLLBc5hEVtPk5EYb_i/edit,miladi_gannawa
https://drive.google.com/file/d/1iFbbAEFPc5yp9ix27GtX4P_dTJE8VY_G/edit,miladi_gannawa
https://drive.google.com/file/d/1S1g2Oi7d4bpkce2uKVdDwSkijKLWAzR1/edit,miladi_gannawa
https://drive.google.com/file/d/1lg7ouYOAJ3oGspjGbeXrSvdD9GqHhLFU/edit,miladi_gannawa
https://drive.google.com/file/d/1HbYqCJsBRNn90DQRJm3fUxVfOMfwInbF/edit,miladi_gannawa
https://drive.google.com/file/d/1_2BY5bnz2waRSAAH7ZnWAfu4kjox6atz/edit,n
https://drive.google.com/file/d/158s-hNaxosQqRgPbShrp_IkIVQH4G3jg/edit,n
https://drive.google.com/file/d/1p8_0hrhfzqzHZIn7_EePxLR5r6TzZpA7/edit,n
https://drive.google.com/file/d/1OaNx8MkucJYdccpeHMkii3sm1bJG4Qy3/edit,n
https://drive.google.com/file/d/12vMlOIHSYrBIvbWtj8aifBuRLW7FC_WA/edit,n
https://drive.google.com/file/d/1NLczLrvm_9JrB4zz4K28KWuSI9WWVLDe/edit,n
https://drive.google.com/file/d/1tse-jzTvDtV6uk93jkfawlJYKmxgyWaY/edit,n
https://drive.google.com/file/d/13B2ZTORagMAd5jmuj-YmY-AVws12J4oT/edit,n
https://drive.google.com/file/d/1sRvchV48oV3DZ-8FkBHePJ5d_5ow3Xco/edit,n
https://drive.google.com/file/d/15a2jNDYQY-LUEESjoqgxoZjrU_mE46c0/edit,n
https://drive.google.com/file/d/1uyTXsIaTn8b847RxX_sfeYVCWwQ0mJ6G/edit,n
https://drive.google.com/file/d/1u96XCMtsLom4z3MKnsG1XQRyIBk2nCZO/edit,n
https://drive.google.com/file/d/1IZSERyaW4osHjxarECK_vR_mUXJYlRBN/edit,n
https://drive.google.com/file/d/1BZqA7gRRxRTuv1kkJS9khv0bEb7l72IJ/edit,n
https://drive.google.com/file/d/15mC_BuOG4EGBWClW-MBPNvxvzqI8Tfoh/edit,n
https://drive.google.com/file/d/17PmFdBbmUPdAGCb1LJsje_T-Tohv5bjZ/edit,n
https://drive.google.com/file/d/1TWdWeiwaxL0CkIaIOc7jZt6Xp_udBtvs/edit,n
https://drive.google.com/file/d/1tikvcUu-Vk5bRKcwgS6GrbQJSZPwVtcI/edit,n
https://drive.google.com/file/d/117r2h0OAEz4m_zsUgMzm18FV_DJrbV7O/edit,n
https://drive.google.com/file/d/1uuE_fgPtNlNaebxAMvBUjud8oSaTa5N7/edit,n
https://drive.google.com/file/d/13adXv25RMvw-aR67yGfH3mHBN876e5EB/edit,o
https://drive.google.com/file/d/1enlM8HXZ9_GYRDH-rkT_xvjYJUoInv6U/edit,o
https://drive.google.com/file/d/1K40rdy0eSGeE3D6LTjpd9RbhEBAL3sa1/edit,o
https://drive.google.com/file/d/1DN47L3dnzooHiAScEua5pLhPTFPNg2Ot/edit,o
https://drive.google.com/file/d/1EhtwIqfJO_-_F56YUNLXa2c8hFAYWI1d/edit,o
https://drive.google.com/file/d/1Ez26g2-qjb3G90YQcipKifydScjaU8PF/edit,o
https://drive.google.com/file/d/1CvU14DDgp4ijip2x84-YANDUYLT_7XOG/edit,o
https://drive.google.com/file/d/1U4PgtnRaigfgC61r0NPUsNvVy68GfOLh/edit,o
https://drive.google.com/file/d/1vbWFN8fQ0UGI_ax4XwN3cHMvAg6UnxGI/edit,o
https://drive.google.com/file/d/1aT4Eq9VD4lGOBFTGSLX_tR_glqgSopGS/edit,o
https://drive.google.com/file/d/1aWaF1Bavr3RxGpbUAk2iOWfKzz62enSx/edit,o
https://drive.google.com/file/d/1ZTOdiNH63cOWYxU5_Tr1B6JglOTZXTYu/edit,o
https://drive.google.com/file/d/1DXh3KsLnCmAP0PhZoqFrSAwA1gYL8lZ6/edit,o
https://drive.google.com/file/d/168U2JgSv5ZlLGp7KVTcXlxBagg3WDx8D/edit,o
https://drive.google.com/file/d/1wHi3ZOMQYolKhi1vEZwx8LDR96Z3UuEx/edit,o
https://drive.google.com/file/d/1roLEJZoBbRizLiZPPDeUWW-Byx2WjZ8m/edit,o
https://drive.google.com/file/d/13arjTCDW490Hw4aDyBqEsWrpVlWt9APH/edit,o
https://drive.google.com/file/d/187ou8MvJOFLPrY_orGka5Wopqf_QsRG5/edit,o
https://drive.google.com/file/d/1tO4f-ZBcdpnPNdaaoO4XcvrWnCmifPob/edit,o
https://drive.google.com/file/d/1O5NEziKyA94vqL6vcVfPyRE7d6h_eiRm/edit,o
https://drive.google.com/file/d/1F6nSmcZtkS4e4X6YJJrhC6qhD6zHg5zt/edit,oo
https://drive.google.com/file/d/1xcqUyJQe2sMWlZJI-FOZ59onLH1kNpwa/edit,oo
https://drive.google.com/file/d/1mkn4Kp0Vxt1ox3PyQIGgk2K-7ENC4Stw/edit,oo
https://drive.google.com/file/d/17mH4sjHaTN4KdaTp4kDCKjxMJMJhGOOU/edit,oo
https://drive.google.com/file/d/1DzW7KYXBx39t3Q7E6ZmdQqoklnPCx8U9/edit,oo
https://drive.google.com/file/d/1Z8zUOG0SkqeVHvfVtT0uUxiIjKv2xOVD/edit,oo
https://drive.google.com/file/d/1Iihsqmj2ynANswtYaRcPNpRlNRlomaRq/edit,oo
https://drive.google.com/file/d/1hPUmv0ParDSVfXW_RxAgf6902W_CYbIt/edit,oo
https://drive.google.com/file/d/1x9FR-xIk_iFBd7b7TwOiUIhfRb0w2z-v/edit,oo
https://drive.google.com/file/d/1JfsTQ_oZfByckXsCK-7j4mUQY8JVNsZB/edit,oo
https://drive.google.com/file/d/1k6uo1AcE-t8gRBBkhi936g5qfchv32Sb/edit,oo
https://drive.google.com/file/d/1pvHPurYwEjCtX8gR3x7Y4H_4zHfpZvX9/edit,oo
https://drive.google.com/file/d/1XX3574lSuays7WAFf1Soo4JZGTWXkEE9/edit,oo
https://drive.google.com/file/d/1TFqh8Llv6KsER0OD1nudIo4KkQBJwKBA/edit,oo
https://drive.google.com/file/d/1lJqQNPS7KfVf4NDOYAmaDbYtDVty5iuA/edit,oo
https://drive.google.com/file/d/1eMbcHO8gA1kEB9G0Z_j-nfo7jO9thTKY/edit,oo
https://drive.google.com/file/d/1nVw03ahIfZnmVSQLW4Xt0W8jqD28P4we/edit,oo
https://drive.google.com/file/d/15a5cKwZhbtCOTkc5HyXqkoZfKpr3cbFs/edit,oo
https://drive.google.com/file/d/1nEDs3OTZZUhMOgONE56nnkxJKqjQoo3F/edit,oo
https://drive.google.com/file/d/1lFhPqfCAb_wDpPLVhK-v6DHV5t4JXqQn/edit,oo
https://drive.google.com/file/d/1ywYKXI6EkmwSI72Glc7qPMYmrcyylfo3/edit,oya
https://drive.google.com/file/d/1WC6diKPWLVP62sh6ypscBWtkKQufKfQ4/edit,oya
https://drive.google.com/file/d/1Ru0GvkVGPJvlOXpEToCyJcjvB3gG0WUG/edit,oya
https://drive.google.com/file/d/1XTFoYF13VLdaKgLNVzAywFb4jUsO493L/edit,oya
https://drive.google.com/file/d/1rJDU1TkKiNLDEtUK32AJ-ImZqZAIqqBW/edit,oya
https://drive.google.com/file/d/1sjdwh3hDozAU7pqZT7LojijaU790VdQK/edit,p
https://drive.google.com/file/d/1HUfhruvA-6AndXGzWG8ugopW1i6iL3C2/edit,p
https://drive.google.com/file/d/1kPDzHWpgOtkMWPB2du_pKlF69KzCK45Z/edit,p
https://drive.google.com/file/d/11WRLEuXegxBeBLJNFxBgFJd0F8Tg_y5N/edit,p
https://drive.google.com/file/d/19tQeIhaTIz78Z2nnlWCLN4r339KdXuLX/edit,p
https://drive.google.com/file/d/1JXPT_DFHGY309352xLuhRpLWI2xo2C96/edit,p
https://drive.google.com/file/d/1MfwsdlKyymSpduK0MbM59uwkp5TbOz3K/edit,p
https://drive.google.com/file/d/1lyT6tGV8Nyrj6381n4PfFwjMYt8KEgOL/edit,p
https://drive.google.com/file/d/1nzlCM0tAslOmQSTwFecNRbAtuMaqLK3l/edit,p
https://drive.google.com/file/d/1XCJa6yrQvg8zA1-3WZ1zf00b1HSk1gvW/edit,p
https://drive.google.com/file/d/1gPheOMDmPzaE11qphvZxNT-nITHsInzM/edit,p
https://drive.google.com/file/d/1RPuVniQYsHVXsrQGv_gbJ4G4Hqkvw8WP/edit,p
https://drive.google.com/file/d/1HVmcYJjx7Jq0anLjEj-ytjGRjbCk2_Lo/edit,p
https://drive.google.com/file/d/1PT76v1OY6qOLPyBthbDTkkaxNdI7hC8w/edit,p
https://drive.google.com/file/d/154XZytb5ZB45J76R251FNdWPtN4kBk0j/edit,p
https://drive.google.com/file/d/1KU0vD2kgmzWaytAYuVS-rfz5OgHhXJIz/edit,p
https://drive.google.com/file/d/115PPQ5UdKLf07v38UY4shGPFpjXcJANC/edit,p
https://drive.google.com/file/d/1TVUuMn65nk3A69VzHCnZQx-XVD4LDBYr/edit,p
https://drive.google.com/file/d/1Bmzc1Uhg-ecRZXmwf1LDHcy7eEUxUaaz/edit,p
https://drive.google.com/file/d/1f5Rxcdy_zz7RWMHpI4LKN8xt99DHZHHf/edit,p
https://drive.google.com/file/d/1KvAAqPeKH5_28Wvo7SypspMN9CPKyKx0/edit,palathuru
https://drive.google.com/file/d/1dbSP6omYLHr29YtX_yQ9EnmKrVxHZ9wq/edit,palathuru
https://drive.google.com/file/d/18TGaBWfaGGcR3Dtg9ikltQ0tUFemjYtA/edit,palathuru
https://drive.google.com/file/d/10ub5W4Kymi-xpq6PBfQnsrNZ8CPJJc4s/edit,palathuru
https://drive.google.com/file/d/10MzLmRVm1sIaHZLdLxiL5JI_41RoFMF8/edit,palathuru
https://drive.google.com/file/d/1WQc47gmsIQwf7RGkrieqBdw4oOKNYJN4/edit,palathuru
https://drive.google.com/file/d/1JmZLsjfqrnMuDjerreC1BylpUQZ_aAax/edit,palathuru
https://drive.google.com/file/d/1i0eHJTKHBoy0S_NthoBH2VbVljAFFwto/edit,palathuru
https://drive.google.com/file/d/1HzvjxnMrkFjsyBVi1K9Vtnw4Wj8YRYvS/edit,palathuru
https://drive.google.com/file/d/1lXUuluznI8aKogHLp-IRoABvVfRPfX6w/edit,palathuru
https://drive.google.com/file/d/1oiRr58fe22BGd3FbLgvG0-tnpfPa6Rwj/edit,putha
https://drive.google.com/file/d/1E-Wr5S0jSTb8i4H7EMoJYb7dInlPqv9K/edit,putha
https://drive.google.com/file/d/1sh4w-cvFxYF2IbQEvRo0OXq_9TIqtPcm/edit,putha
https://drive.google.com/file/d/1qMvneTXSfRj4Q6jKFrFFZSIUoM64efHK/edit,putha
https://drive.google.com/file/d/1T9SUepm6gYhlYfwyu5h9gdy04OnncKrJ/edit,putha
https://drive.google.com/file/d/1XI1gCEXlv400sccY2zGSXDhJhklwUJ3P/edit,putha
https://drive.google.com/file/d/1pni16GpYgzA-YiQapTCc7_fVMldxviRh/edit,putha
https://drive.google.com/file/d/1y-48Ii0-PLCtZGHJasz3t9luLlk30jOa/edit,putha
https://drive.google.com/file/d/1w11lioZtLECFKFrHY8Xv1B3JMVwbK6JI/edit,putha
https://drive.google.com/file/d/1Bl9gdGbe3aWjXcCQGKiu22yUu4AREfaA/edit,putha
https://drive.google.com/file/d/17yG6NSoXBesei5s40WsOCzM093nzztEn/edit,r
https://drive.google.com/file/d/17au9JPHmEEvmcvRheBwk2EeCTxXH8LGQ/edit,r
https://drive.google.com/file/d/1eoMA5XJmRk1dK3OgKyJTkAhjqrh9IJOA/edit,r
https://drive.google.com/file/d/1cDconPMcBGvQ5nb3KljhI85QOzm1lYFX/edit,r
https://drive.google.com/file/d/1O-TwwnXKvET_StiqN19EZshl3fxn4X5p/edit,r
https://drive.google.com/file/d/1Nn1T1Sm9Bq01QBJU__GHWoxOoMjbM85n/edit,r
https://drive.google.com/file/d/1E_4Muo7mg_yTQKIm0OgGsBSERQhMiAF5/edit,r
https://drive.google.com/file/d/1-VeJs1xGJ50QDSqv2eaUnOO-A1Rtp-5D/edit,r
https://drive.google.com/file/d/190xbsLOgxV76pt5usAdrUuGkoQZ2CmzL/edit,r
https://drive.google.com/file/d/1lTFXph2-m3Mr-N-NxMvcGzddLKlNhzrQ/edit,r
https://drive.google.com/file/d/1clXSP3A0DJVoI6NLEkcvQFZ8MxCj_iMj/edit,r
https://drive.google.com/file/d/1_06ZIQ2NJNckwLTCacH3svaDDNGWrs47/edit,r
https://drive.google.com/file/d/1N_zFEBv2J1JmqT8Drj3fpoddflbaPVaW/edit,r
https://drive.google.com/file/d/1rhUMLmd3Z6yuvD6PGcQtf2KUPSelZI16/edit,r
https://drive.google.com/file/d/1fv_eRs2G5sI53AhKVWhXgZXzo05A3LOG/edit,r
https://drive.google.com/file/d/1cJKvPU6jWSXJTKlqwZ8eFOsgQad0tgfS/edit,r
https://drive.google.com/file/d/1WmV3mBXzvsCoTg7i7Wyc4R7KJ38XyvJA/edit,r
https://drive.google.com/file/d/1TJLKIE8og3YIRm1z5Y-zA9f-bfDhQrYs/edit,r
https://drive.google.com/file/d/17Drc1gq09vdmNd3iQYgS0w8-IxHDoZO7/edit,r
https://drive.google.com/file/d/1H625VQawjfrLKjxCceT8I3RYU5Hz6iWa/edit,r
https://drive.google.com/file/d/1H9rIzD_0wy5UQu2NqUFlywk9y2FtBit7/edit,s
https://drive.google.com/file/d/1tL73cRVWWB1aVy_PmYTOKyhf_FvyrGgl/edit,s
https://drive.google.com/file/d/1F6fpYdsuwJm9237RwYgnjC4Z3FRLgyp-/edit,s
https://drive.google.com/file/d/1G4bWEg37PBgNxtsIne_oIE54-xSvnd5q/edit,s
https://drive.google.com/file/d/1O1Rmfoi1PjOyWIY8nqtSN2IBQQKcQtLy/edit,s
https://drive.google.com/file/d/1x2kyO2jmPG6DgXTQTY54E1YI4E1czx8F/edit,s
https://drive.google.com/file/d/1XVfREdCIQlZCWELo9zpceu2Z2_Zfqdf9/edit,s
https://drive.google.com/file/d/1P7l427wO2VW9-jXUVtsu_IG4PjkmaCmv/edit,s
https://drive.google.com/file/d/1UmidCoS3Lu3Zu_Q2HNjwF9Lm9WGPkl91/edit,s
https://drive.google.com/file/d/1lpNP77UXfWEsWRkRXyaVVATmQ5fpeWhG/edit,s
https://drive.google.com/file/d/1VklACc26-krxLk6K8K0czyibOTceuxcw/edit,s
https://drive.google.com/file/d/18Mvx-3w3Sppj0DiKQ9Y7TX-HgjGjvyGl/edit,s
https://drive.google.com/file/d/1NtSVq-pL9QeXjJ3Zrwemh-H2RF00iD2a/edit,s
https://drive.google.com/file/d/1yhJggtE1BPyQXFmdB2F9JblRnvOLugOL/edit,s
https://drive.google.com/file/d/1ggA-2v0aVewaR5GexhzPeOdgm_1Y0PMl/edit,s
https://drive.google.com/file/d/1oH7Kqb37fHyz7A-9l8-hWbuxJsCy8LXx/edit,s
https://drive.google.com/file/d/1oST1nHgr61kTwSMAhQNV9H6Ae69YlBdl/edit,s
https://drive.google.com/file/d/1mKm7t91vl-q_c6bJ-Py-jtfPet_gIEzO/edit,s
https://drive.google.com/file/d/1MDR5oJlCMv2mf6YdIKJ3qn8qGFI-ahx4/edit,s
https://drive.google.com/file/d/1kqDfi1R--usRftmwesB_aov1RCEkFjXm/edit,s
https://drive.google.com/file/d/1r_Mq0s03e3_FLTHikl76aXGoBBR1nR_o/edit,sh
https://drive.google.com/file/d/1pbh3Mu-KZeUlh41V_XpV_zV9lHMEpSsF/edit,sh
https://drive.google.com/file/d/1Rst3tYyWAD_kRSdFDLMehJWcRRCF9VWQ/edit,sh
https://drive.google.com/file/d/188x--mQ68TguI7RglQTY8N_5fuWH4ROC/edit,sh
https://drive.google.com/file/d/1A6GvJfl13wPpfHyzGvoHtooxZDMHk0Uv/edit,sh
https://drive.google.com/file/d/1TEdQswiYh6gVMqLHddCV7L9vL35FLLrr/edit,sh
https://drive.google.com/file/d/1voQ9x98_l2T3E6LBsg-L6tSHAxmYT5X4/edit,sh
https://drive.google.com/file/d/1MXzydgieroIu6ysFykXIjKdJtmnDaKZe/edit,sh
https://drive.google.com/file/d/1r1vedVpJ6Qc471DQ_gcbtX_TvnqzJ6Iu/edit,sh
https://drive.google.com/file/d/1ln8jm-FrOMRNOCp8mTj_6c04zZUdfPY1/edit,sh
https://drive.google.com/file/d/1HDMchgrctELbxLQtU-aBgme-g8A3GS5L/edit,sh
https://drive.google.com/file/d/1VkCtHLWIxU8ppaCx1xhNvP_T_cNAi_qx/edit,sh
https://drive.google.com/file/d/17EUVPqIU9_Xc3_EsGlCHKEGcreXzcA8a/edit,sh
https://drive.google.com/file/d/1iAPAN1obQV-5FB5uAiQFukqS42OnW_fK/edit,sh
https://drive.google.com/file/d/1UGLbqYKpaFT3u68CZutYBmrbp0N7p51F/edit,sh
https://drive.google.com/file/d/13McxSToh1QSA3jSYQ5wWKaCQBQQ30ycU/edit,sh
https://drive.google.com/file/d/1CKkE0f5jDwbdayohlHoe8hqm-re2pRek/edit,sh
https://drive.google.com/file/d/19ZnLnwyysLxR7XG56PpGAWMHqsmq9RZJ/edit,sh
https://drive.google.com/file/d/1VWRCGX7Bkv_nT2f6OjmSc3v-t3JXC-4t/edit,sh
https://drive.google.com/file/d/14sF6dDV-rRYB_2m5kwkvq5Hi_8MMoPTv/edit,sh
https://drive.google.com/file/d/1WyGLsF65woTjSxHUG64ixlikgIXi4zdu/edit,sisil_beema
https://drive.google.com/file/d/12algSVkZt-aW5JpO09P32i37c3irhrmd/edit,sisil_beema
https://drive.google.com/file/d/1XqEUxXDtl2pocjoyKBcnvz765g26vYit/edit,sisil_beema
https://drive.google.com/file/d/1e_CcP_rrFX0e3UZhY35IK-xKjFLznghR/edit,sisil_beema
https://drive.google.com/file/d/1JTH12lSViKFZGQY7lncODrTZl_B-fG52/edit,sisil_beema
https://drive.google.com/file/d/1Kc4ve1X84_HXBk5Sxamxk23I6jx7YFVf/edit,sisil_beema
https://drive.google.com/file/d/1YsujR3R3K_H5KFIIpDANCpcA3KokQZxK/edit,sisil_beema
https://drive.google.com/file/d/1864_l6s0XxNl4JoOxt2M3oXKgZWXanE7/edit,sisil_beema
https://drive.google.com/file/d/1_sy-ZITIq0swpOyYZom-IafeSwjNM40-/edit,sisil_beema
https://drive.google.com/file/d/1EntxtkL8ZTck-L2EWPjGtkWotcmdCS6D/edit,sisil_beema
https://drive.google.com/file/d/1pEgdujSrjBajdhW6JXV6ajCmy4AOuR78/edit,t
https://drive.google.com/file/d/1fGFDQN6mEMMNf6uG96dXo4Xn5CcpRpGl/edit,t
https://drive.google.com/file/d/1qfISI2hfSJH18wNdlc_7W_rcvVSSN80I/edit,t
https://drive.google.com/file/d/1sQK4QLNc1rjLKVfj0ICo_T8NyWXttFOd/edit,t
https://drive.google.com/file/d/1d_NAJoJxBI8IZfFt2kJHYG97QsSLuOwX/edit,t
https://drive.google.com/file/d/1xT6xThOfcmiVLvgABFuHH3r5F07lJiaF/edit,t
https://drive.google.com/file/d/16P6agZTm8C89wZI9du43kv71muWchwqy/edit,t
https://drive.google.com/file/d/13V_SvSIXJqWo8teDLzQv55D-2gWb6Pjw/edit,t
https://drive.google.com/file/d/1RWeCGJlUSWXvSlS51uNeYWrg0WsDtyJu/edit,t
https://drive.google.com/file/d/1zwUHlSXca_h7rSfYnMbaupyoSlOVsS8Q/edit,t
https://drive.google.com/file/d/11Rv-ZqGMMa8KNzP_EHxvfygtYF7cR5Qs/edit,t
https://drive.google.com/file/d/1j91DLAgjDhtOR00X0kmvUqcCMIXFbdgW/edit,t
https://drive.google.com/file/d/1NLa_NHSCqcaXkh0T4TfqAboQh31N2zpi/edit,t
https://drive.google.com/file/d/1GewMh1ymST4sXX0GJmp_9fTfw3j4xUMX/edit,t
https://drive.google.com/file/d/1O9eF72Ng7X3fLQZmlVmhrFmWxnnhCU_p/edit,t
https://drive.google.com/file/d/1MZXhagzvY7sodieFBoCyk_wDgPFbkShL/edit,t
https://drive.google.com/file/d/1aQXX8JwWDS2dzpUnCrVgq-Ud8c9hUUzN/edit,t
https://drive.google.com/file/d/1I0CIUoJ_9IkcZtaAByqtstkGCYipCgxk/edit,t
https://drive.google.com/file/d/11gyJhrbKCZTZbgTk2ym9DHpMaeUw3c9z/edit,t
https://drive.google.com/file/d/1rNUeJ3wmuO7yAF4hXanMtkznRdV-Ksyj/edit,t
https://drive.google.com/file/d/1u0SZRl10JqcBszIxsx8fo9TXY7J3r5B7/edit,th
https://drive.google.com/file/d/1AL2d7pJI1MBBzz4kaPP6SvZ0CAxg_93j/edit,th
https://drive.google.com/file/d/1XdpBLO6T1wUHDrK9e-I-JV6fAV9wWDon/edit,th
https://drive.google.com/file/d/1okTtDc4muHEGyueX2LZTxKoukukKqOqD/edit,th
https://drive.google.com/file/d/1C9j08o9gZqJlv2y53N949mglc66RmUk-/edit,th
https://drive.google.com/file/d/1Hs2GIOLGQ7cPjHU_iu02rPLzSshqGCq7/edit,th
https://drive.google.com/file/d/1jnKUqfne4WmOzUtfzB0gnZdq4iqO5HWL/edit,th
https://drive.google.com/file/d/1Fgwd_Ga9Qf5RyDe0I2funqEnm702rax2/edit,th
https://drive.google.com/file/d/1HHryaHrB_Pc9UeQWuXMx4Y8G5076mswP/edit,th
https://drive.google.com/file/d/1FXmrvzB6-Mp7rWMwTCoTOZ0flxbj8ubs/edit,th
https://drive.google.com/file/d/1wv55sdINi2Bq3Z5vHdOVcmxHHY5nk37S/edit,th
https://drive.google.com/file/d/125gfDwJ85chRBWGmK7IVtpj7D6TZpmkD/edit,th
https://drive.google.com/file/d/1erOmLOIxDpWyDZuIN8sgyflg6qYT0zYF/edit,th
https://drive.google.com/file/d/1mcBbcH8Aqq13hhX8iHjqEbDEHPLRnSoA/edit,th
https://drive.google.com/file/d/1xroyjbAVvZVyKNozGEA1Rxm1Np4SiCzY/edit,th
https://drive.google.com/file/d/1bCdEKNHe7vDmspYJymzbvFsoZeDXo9nx/edit,th
https://drive.google.com/file/d/1U8PKWXptfd8lon0RiVOyxsi-7fSflFJe/edit,th
https://drive.google.com/file/d/1K1yPmW6Pz6gH_TDXfDfkipMqzYNFORoQ/edit,th
https://drive.google.com/file/d/1LmgPp00WsHTReoS0pCdhfgSzyQ0MMRrI/edit,th
https://drive.google.com/file/d/1r1FAs7vOtLHZdNY82YEC6cbNvuVW2P8Q/edit,th
https://drive.google.com/file/d/1K6lEtQzVaNIBAhEymGGRLOGVMa03wbB0/edit,thaththa
https://drive.google.com/file/d/1xzk6Z7OIEwtz5KZCEHyHHKFGWwGZxopo/edit,thaththa
https://drive.google.com/file/d/1-1r-IMYPfpvSozBaEut97n_MfLD2js9t/edit,thaththa
https://drive.google.com/file/d/16kXUWf34YK6xfKOjY0LIYI3PAkoL0fhf/edit,thaththa
https://drive.google.com/file/d/1eINl00_ag67ztuJJ7r9CDGrrv4x56iXf/edit,thaththa
https://drive.google.com/file/d/1NlValTcs2TiWcfCr9aIf2Eceul2IzrT2/edit,thaththa
https://drive.google.com/file/d/1VKETgzTimvrzFE-NUpS-awyC4Or9o_yS/edit,thaththa
https://drive.google.com/file/d/1FKihATrzUbhQaEG7Jyj7uQ4sfFlGaLYL/edit,thaththa
https://drive.google.com/file/d/1Twwz4Iml427Kk26W3-mzi35Xcv97opZJ/edit,thaththa
https://drive.google.com/file/d/18RbVRUmQDYgDKTc9o9SWOOt2zsmjDclA/edit,thaththa
https://drive.google.com/file/d/1hDiet9uPcYWlD6LPSokW25bdi0yAIzgN/edit,the
https://drive.google.com/file/d/14-GpqJyRyoD4ZXZ2eQP1CZmaulihg-6E/edit,the
https://drive.google.com/file/d/1oazhkx5fQvlh9m56WpEteH4nL649hiYC/edit,the
https://drive.google.com/file/d/10Dc2YVomRbE-dPYG9rQ0YzqifYl2y3u3/edit,the
https://drive.google.com/file/d/1YFxMGtftyah3Uz289cIVgqGeXSld1AGw/edit,the
https://drive.google.com/file/d/1q0fGOjbuxa3rVCJITaJmoQ3weXDX5WIB/edit,the
https://drive.google.com/file/d/1yZKwhKkc86hxo2el2uh41K58nLOZpsSh/edit,the
https://drive.google.com/file/d/1Egxlmhp0COJRZF8TzHHwkbV0dj-PcGZ0/edit,the
https://drive.google.com/file/d/1WOmnQZFPBlXkMbx1wr0flRe5THTWPmXD/edit,the
https://drive.google.com/file/d/1eO81GsQnz5qchmJe-cLuv9SC5emBn5Ch/edit,the
https://drive.google.com/file/d/18-jH0hoCBbxnygRu-C7XM5Rdbl_1g7Fv/edit,u
https://drive.google.com/file/d/19CSp5Oi_OCHtQDdN3bAgSpczNiuLQMgJ/edit,u
https://drive.google.com/file/d/1dTRvw27R_E-aJTbl46QPdPnaul_YaDpm/edit,u
https://drive.google.com/file/d/1FLOTQjXcUXhl8J36kC7swJVV4OYhI5Gu/edit,u
https://drive.google.com/file/d/1D17A3v_BilVkWjQfagZhJ82oGY_FmSDF/edit,u
https://drive.google.com/file/d/1G_01m2wrCiXLzU9khqjKJfBLDFe_81Vy/edit,u
https://drive.google.com/file/d/11nejkOgQDf9jRoSWmj6wQtS2D1qvCrj3/edit,u
https://drive.google.com/file/d/1CllDbiJ6JmwUSFgqsI8CgO3v5hdzxIMz/edit,u
https://drive.google.com/file/d/12vjRnjPdEW4x6bNAXEY3RxMQ7vVrJxhi/edit,u
https://drive.google.com/file/d/140aflSjiWkOJ0766BOzhkdbM9QRX8sE1/edit,u
https://drive.google.com/file/d/1pRKYYQp3gNIIgD_V2ZaNgeJ8HXzMtxTU/edit,u
https://drive.google.com/file/d/1Wd1QzhJFIh4pvKl3IvWe8cwJmuVO3Rms/edit,u
https://drive.google.com/file/d/1gIEaBMohsSjqnTez83DBYxBVEe6FMVod/edit,u
https://drive.google.com/file/d/1T4rErQPmsXeC0Jw7T8kqwGMEC2ybuN1U/edit,u
https://drive.google.com/file/d/1zymZrkYLxrZgzbwDjx1N-fgLu9iNeQe-/edit,u
https://drive.google.com/file/d/1GcSmjQlXukcTDBfXumfBSFmSD6vY2okG/edit,u
https://drive.google.com/file/d/1YvudOBhoVJ8m-6GqvQA-royKeGSKGyvY/edit,u
https://drive.google.com/file/d/1Jnh-BYBfbPq1-PkBSq-XoaW49-g3aSgf/edit,u
https://drive.google.com/file/d/1RHenQ3M7mNHiESYuhDg3JmUHRmh2nxaY/edit,u
https://drive.google.com/file/d/13Ff7mHVn1p37VikMFEpBNqUFzPT5cfpG/edit,u
https://drive.google.com/file/d/1woKUUR99qzxCvyYkKIymLVwAEVc01TfE/edit,uu
https://drive.google.com/file/d/1ygXhfVaWRHS3PJ7wSbT5Tq1fWkcQj8X8/edit,uu
https://drive.google.com/file/d/1T1WJC397fslDWpe9aCyrKDqYr2kalEpL/edit,uu
https://drive.google.com/file/d/1O4DtyJP0tolYUNFCD5zHLnVR7dLrtuE_/edit,uu
https://drive.google.com/file/d/1pOedTC-CKSMALFDx7FbsVyyBex0zJatC/edit,uu
https://drive.google.com/file/d/14Xyr37AXoCtUlaP1D6ZD2v7B9Gju4kMC/edit,uu
https://drive.google.com/file/d/1O3oHwiYUoWkzhBjNc3HJasv07B4NS2R7/edit,uu
https://drive.google.com/file/d/1BxnGs6pNxUE8gVo4qVIG53RRdy335dv0/edit,uu
https://drive.google.com/file/d/1Cs1872Bv5j9I31LU776Tapz_DL17_osT/edit,uu
https://drive.google.com/file/d/1KiHSZ7BdhERxQYRZGaYpGBNAD2o-CCUa/edit,uu
https://drive.google.com/file/d/1C0kD810C_KdQckGPGZ_VVzaKvr8SQOA4/edit,uu
https://drive.google.com/file/d/1HNX3A5Hboc8bxVaFaNSKF-XRwPwmQGKa/edit,uu
https://drive.google.com/file/d/1Pq93Uju7glCdPlv3RDBWoXPf0DfCTTaQ/edit,uu
https://drive.google.com/file/d/1M43mVoPm1rTpzP-nlmb524EaaEjKFlzu/edit,uu
https://drive.google.com/file/d/1IWghCauamTKp0i0ermWtQR9HHUOCYMmV/edit,uu
https://drive.google.com/file/d/1yUrrYqRgDvp3L_3mLxFzjQRcMtJsG0u9/edit,uu
https://drive.google.com/file/d/1D_UmQwUXg09doLUKvJqLcHyvOJhCzQwu/edit,uu
https://drive.google.com/file/d/1DJ8z9o85TzmEyo-iBv1ywT6n4DZyX7aj/edit,uu
https://drive.google.com/file/d/1F2bZmUtPZj1YVOkI7Hju-CM3n7vVE2wg/edit,uu
https://drive.google.com/file/d/1ytoY2ZAqL8UDKa7evZgfBdC5KCzLcmfC/edit,uu
https://drive.google.com/file/d/1k7hi3GZe2Da6H5HgU9V8fztu-1BIRT6T/edit,uyanawa
https://drive.google.com/file/d/1Hlgdq7oItxig326EkgB03OMvgLLVWSxr/edit,uyanawa
https://drive.google.com/file/d/112VuMWcIosB4U1z0WFqr4Wqy7hLIaDJx/edit,uyanawa
https://drive.google.com/file/d/1IdvsnYU9limBJ7ADV9L0p1cY4qVZjJHM/edit,uyanawa
https://drive.google.com/file/d/1-_uXs7jkY49D27l_lzkGjd22ok6f_ur5/edit,uyanawa
https://drive.google.com/file/d/1gNqMh1l7aNptgVDUTKZzbVlr0Kb5C6T1/edit,w
https://drive.google.com/file/d/1DBUyCvMvRQsGTcq0tta_MTG7_EcsBLf_/edit,w
https://drive.google.com/file/d/1blFVHJ9Cs7FZ2VwUXxyeURCOF5Y5XaEc/edit,w
https://drive.google.com/file/d/1boEbyaseD7v6RR4MWUzzBvJ5gZ5GmUH6/edit,w
https://drive.google.com/file/d/1VGuwCOv9A4c25iv0PZZHUALxUzutwKYM/edit,w
https://drive.google.com/file/d/1matgyVVMFBn_Cgxm11wkQPJaerbBAqSO/edit,w
https://drive.google.com/file/d/1y7fBxZEEgDKte88uDCSTOFWA-GCbMZpH/edit,w
https://drive.google.com/file/d/1sV3hpIz_2DFqTErnP-Lq1PclDpE6C4RR/edit,w
https://drive.google.com/file/d/1R6QJl6Pr6Ayt8HGV8mrNsTKwxDZT-OMS/edit,w
https://drive.google.com/file/d/1RyutZKAHS23HcYA2DpaS8pRON8oqDmvG/edit,w
https://drive.google.com/file/d/12LvPzOWA1xoYUpjWXG7CpUv0gYTR2FZ2/edit,w
https://drive.google.com/file/d/1wES1MJzoHxfQFf8EV3fly-qYL4Fxapgd/edit,w
https://drive.google.com/file/d/1vSR-PQZaFbMSWsgR40BtVygVvTG6V3yd/edit,w
https://drive.google.com/file/d/18HSI3zAoRnztUxz48XC7nkotgExIhDzb/edit,w
https://drive.google.com/file/d/1BS8kGfre5IX1aRNzOMrh2z8bmRMeUgxj/edit,w
https://drive.google.com/file/d/1xvjaRzDgJB7yNqyHLcWv0JN7PSkThMJj/edit,w
https://drive.google.com/file/d/1CBbakb8vCkeKi4GZ0OilsSXkRJUkE-K1/edit,w
https://drive.google.com/file/d/1bByeWGIsy9kEP-ykIiYADIbcM51fPFgK/edit,w
https://drive.google.com/file/d/1NeuNQ379Bv4gD1WqfnG_j2YscOydF9N7/edit,w
https://drive.google.com/file/d/14ae__0aUN4XRKstCh8mnMBDXBLeyVAR-/edit,w
https://drive.google.com/file/d/1C7IWKFX4WtNEDPXuzhQmXWT3cGV5_Nrf/edit,wathura
https://drive.google.com/file/d/1kAdGvM9GOnXHKPLp1YBlE9F8VgFE0dAG/edit,wathura
https://drive.google.com/file/d/1rVzOS7TBi1cH369HMqM--KaL18nVRzg-/edit,wathura
https://drive.google.com/file/d/1gQfOswQATPlmC8O7INy1bnnIt4u_ATzd/edit,wathura
https://drive.google.com/file/d/1gHCkQdmlh8Ju2WUy9pnTwxdMN_ngt64Q/edit,wathura
https://drive.google.com/file/d/1ODfjlnpR84hlr1HH5ih6Stm2pSwQw7LC/edit,wathura
https://drive.google.com/file/d/1eAeGlOq3KKsW_-fRofn5qRlOyLord2pm/edit,wathura
https://drive.google.com/file/d/1eIsI-pRwjY69uVg-dt4O_RRSAnwOnAyo/edit,wathura
https://drive.google.com/file/d/1lczLeZwxFW2zb7-CND-tWZ2bA5OYyaCf/edit,wathura
https://drive.google.com/file/d/1ywluXADa3fzzQcb8ACvMTwjj2x9cDaq1/edit,wathura
https://drive.google.com/file/d/17PjPfH_6chqJj5t0bMdQ5FmAGet-pUJl/edit,wikunanawa
https://drive.google.com/file/d/1HgJdY0sAJhvnc7DBdly0AbWDubrYPO8p/edit,wikunanawa
https://drive.google.com/file/d/1rh7Oe47NG8-t4dHiIkMjE5wdl_ZZN64q/edit,wikunanawa
https://drive.google.com/file/d/1FQ2JU4AGIXqhLztdqMLYrRaT8VLWlcld/edit,wikunanawa
https://drive.google.com/file/d/1m3x3MdI1LUcfGDWfEday-9NCWpX6oyR_/edit,wikunanawa
https://drive.google.com/file/d/1vgMFGUVfhIDRvWBqJNkvaV_fIQCBwhOo/edit,y
https://drive.google.com/file/d/19j5GS-BQPcgURXC6jh0nApMAzjXL3deC/edit,y
https://drive.google.com/file/d/1eyCTD2CGp8Uu2YsReU-1qhN_L2PUVNmu/edit,y
https://drive.google.com/file/d/1hcQ4focWi4_iIq7HizzGPRi1RB2Xync2/edit,y
https://drive.google.com/file/d/1CCszOCkztclbhqjAte_1wtkflegkBXWP/edit,y
https://drive.google.com/file/d/121Q0nStBumwbJBa7A1Ko59D1EAf1c149/edit,y
https://drive.google.com/file/d/1KM6OLSj1QaLicf-SgMYy5_PEoxSJbMSF/edit,y
https://drive.google.com/file/d/1OTVfLb239qkIP0jWNcBhPpZQvab92haC/edit,y
https://drive.google.com/file/d/1NuW_UvaQ2znVj3JSczWQwyJ8w3PcMOtK/edit,y
https://drive.google.com/file/d/1lbCxQHS-371dxKx9y4Gi6Oaoa0P3PI0r/edit,y
https://drive.google.com/file/d/1l8dBzVrAR_Mi4vk_rNL8MF3yNe5HBSX2/edit,y
https://drive.google.com/file/d/1v9Jseg4FriAcpLOC1FX8DoentEXs0uPO/edit,y
https://drive.google.com/file/d/1vDapK25EPx37djcUBajzxd6DWbaoDYXu/edit,y
https://drive.google.com/file/d/1sMXk-aEm_CeHA9hTE3pZH8_epDsNiqb4/edit,y
https://drive.google.com/file/d/1NznJvJrs2Qf13ph_kNZMGlwSYqBKHJwC/edit,y
https://drive.google.com/file/d/1_cN579mWohlVyNKy4MdzzP36vlaOZZCF/edit,y
https://drive.google.com/file/d/1xzqiRXSUC3317DQIHaHYeS81-SGeTn3I/edit,y
https://drive.google.com/file/d/1aOhN23me60io131kTyDlOWSDauXim_Bm/edit,y
https://drive.google.com/file/d/1ECZ5qPKHVR7HPSKJoOhSq6tLIkTIAAof/edit,y
https://drive.google.com/file/d/1d5hBZYax1Uy6G3Vuy7kxjY1PWwNlHhS0/edit,y